subject,session,run,filtered_path,reref_path,n_channels,duration_sec,sfreq
sub-015,ses-01,run-10,/Users/leeyelim/Documents/EEG/data/preprocessed/after_filtering/sub-015/ses-01/sub-015_ses-01_run-10_preprocessed_after_filtering.fif,/Users/leeyelim/Documents/EEG/data/preprocessed/after_rereferencing/sub-015/ses-01/sub-015_ses-01_run-10_preprocessed_after_rereferencing.fif,31,207.999,1000.0
sub-015,ses-01,run-11,/Users/leeyelim/Documents/EEG/data/preprocessed/after_filtering/sub-015/ses-01/sub-015_ses-01_run-11_preprocessed_after_filtering.fif,/Users/leeyelim/Documents/EEG/data/preprocessed/after_rereferencing/sub-015/ses-01/sub-015_ses-01_run-11_preprocessed_after_rereferencing.fif,31,209.719,1000.0
sub-015,ses-01,run-12,/Users/leeyelim/Documents/EEG/data/preprocessed/after_filtering/sub-015/ses-01/sub-015_ses-01_run-12_preprocessed_after_filtering.fif,/Users/leeyelim/Documents/EEG/data/preprocessed/after_rereferencing/sub-015/ses-01/sub-015_ses-01_run-12_preprocessed_after_rereferencing.fif,31,208.919,1000.0
sub-015,ses-01,run-13,/Users/leeyelim/Documents/EEG/data/preprocessed/after_filtering/sub-015/ses-01/sub-015_ses-01_run-13_preprocessed_after_filtering.fif,/Users/leeyelim/Documents/EEG/data/preprocessed/after_rereferencing/sub-015/ses-01/sub-015_ses-01_run-13_preprocessed_after_rereferencing.fif,31,209.039,1000.0
sub-015,ses-01,run-1,/Users/leeyelim/Documents/EEG/data/preprocessed/after_filtering/sub-015/ses-01/sub-015_ses-01_run-1_preprocessed_after_filtering.fif,/Users/leeyelim/Documents/EEG/data/preprocessed/after_rereferencing/sub-015/ses-01/sub-015_ses-01_run-1_preprocessed_after_rereferencing.fif,31,218.639,1000.0
sub-015,ses-01,run-2,/Users/leeyelim/Documents/EEG/data/preprocessed/after_filtering/sub-015/ses-01/sub-015_ses-01_run-2_preprocessed_after_filtering.fif,/Users/leeyelim/Documents/EEG/data/preprocessed/after_rereferencing/sub-015/ses-01/sub-015_ses-01_run-2_preprocessed_after_rereferencing.fif,31,208.759,1000.0
sub-015,ses-01,run-3,/Users/leeyelim/Documents/EEG/data/preprocessed/after_filtering/sub-015/ses-01/sub-015_ses-01_run-3_preprocessed_after_filtering.fif,/Users/leeyelim/Documents/EEG/data/preprocessed/after_rereferencing/sub-015/ses-01/sub-015_ses-01_run-3_preprocessed_after_rereferencing.fif,31,204.119,1000.0
sub-015,ses-01,run-4,/Users/leeyelim/Documents/EEG/data/preprocessed/after_filtering/sub-015/ses-01/sub-015_ses-01_run-4_preprocessed_after_filtering.fif,/Users/leeyelim/Documents/EEG/data/preprocessed/after_rereferencing/sub-015/ses-01/sub-015_ses-01_run-4_preprocessed_after_rereferencing.fif,31,206.479,1000.0
sub-015,ses-01,run-5,/Users/leeyelim/Documents/EEG/data/preprocessed/after_filtering/sub-015/ses-01/sub-015_ses-01_run-5_preprocessed_after_filtering.fif,/Users/leeyelim/Documents/EEG/data/preprocessed/after_rereferencing/sub-015/ses-01/sub-015_ses-01_run-5_preprocessed_after_rereferencing.fif,31,212.359,1000.0
sub-015,ses-01,run-6,/Users/leeyelim/Documents/EEG/data/preprocessed/after_filtering/sub-015/ses-01/sub-015_ses-01_run-6_preprocessed_after_filtering.fif,/Users/leeyelim/Documents/EEG/data/preprocessed/after_rereferencing/sub-015/ses-01/sub-015_ses-01_run-6_preprocessed_after_rereferencing.fif,31,213.239,1000.0
sub-015,ses-01,run-7,/Users/leeyelim/Documents/EEG/data/preprocessed/after_filtering/sub-015/ses-01/sub-015_ses-01_run-7_preprocessed_after_filtering.fif,/Users/leeyelim/Documents/EEG/data/preprocessed/after_rereferencing/sub-015/ses-01/sub-015_ses-01_run-7_preprocessed_after_rereferencing.fif,31,206.919,1000.0
sub-015,ses-01,run-8,/Users/leeyelim/Documents/EEG/data/preprocessed/after_filtering/sub-015/ses-01/sub-015_ses-01_run-8_preprocessed_after_filtering.fif,/Users/leeyelim/Documents/EEG/data/preprocessed/after_rereferencing/sub-015/ses-01/sub-015_ses-01_run-8_preprocessed_after_rereferencing.fif,31,206.319,1000.0
sub-015,ses-01,run-9,/Users/leeyelim/Documents/EEG/data/preprocessed/after_filtering/sub-015/ses-01/sub-015_ses-01_run-9_preprocessed_after_filtering.fif,/Users/leeyelim/Documents/EEG/data/preprocessed/after_rereferencing/sub-015/ses-01/sub-015_ses-01_run-9_preprocessed_after_rereferencing.fif,31,206.039,1000.0
sub-015,ses-02,run-10,/Users/leeyelim/Documents/EEG/data/preprocessed/after_filtering/sub-015/ses-02/sub-015_ses-02_run-10_preprocessed_after_filtering.fif,/Users/leeyelim/Documents/EEG/data/preprocessed/after_rereferencing/sub-015/ses-02/sub-015_ses-02_run-10_preprocessed_after_rereferencing.fif,31,207.999,1000.0
sub-015,ses-02,run-11,/Users/leeyelim/Documents/EEG/data/preprocessed/after_filtering/sub-015/ses-02/sub-015_ses-02_run-11_preprocessed_after_filtering.fif,/Users/leeyelim/Documents/EEG/data/preprocessed/after_rereferencing/sub-015/ses-02/sub-015_ses-02_run-11_preprocessed_after_rereferencing.fif,31,209.719,1000.0
sub-015,ses-02,run-12,/Users/leeyelim/Documents/EEG/data/preprocessed/after_filtering/sub-015/ses-02/sub-015_ses-02_run-12_preprocessed_after_filtering.fif,/Users/leeyelim/Documents/EEG/data/preprocessed/after_rereferencing/sub-015/ses-02/sub-015_ses-02_run-12_preprocessed_after_rereferencing.fif,31,208.919,1000.0
sub-015,ses-02,run-1,/Users/leeyelim/Documents/EEG/data/preprocessed/after_filtering/sub-015/ses-02/sub-015_ses-02_run-1_preprocessed_after_filtering.fif,/Users/leeyelim/Documents/EEG/data/preprocessed/after_rereferencing/sub-015/ses-02/sub-015_ses-02_run-1_preprocessed_after_rereferencing.fif,31,218.639,1000.0
sub-015,ses-02,run-2,/Users/leeyelim/Documents/EEG/data/preprocessed/after_filtering/sub-015/ses-02/sub-015_ses-02_run-2_preprocessed_after_filtering.fif,/Users/leeyelim/Documents/EEG/data/preprocessed/after_rereferencing/sub-015/ses-02/sub-015_ses-02_run-2_preprocessed_after_rereferencing.fif,31,208.759,1000.0
sub-015,ses-02,run-3,/Users/leeyelim/Documents/EEG/data/preprocessed/after_filtering/sub-015/ses-02/sub-015_ses-02_run-3_preprocessed_after_filtering.fif,/Users/leeyelim/Documents/EEG/data/preprocessed/after_rereferencing/sub-015/ses-02/sub-015_ses-02_run-3_preprocessed_after_rereferencing.fif,31,204.119,1000.0
sub-015,ses-02,run-4,/Users/leeyelim/Documents/EEG/data/preprocessed/after_filtering/sub-015/ses-02/sub-015_ses-02_run-4_preprocessed_after_filtering.fif,/Users/leeyelim/Documents/EEG/data/preprocessed/after_rereferencing/sub-015/ses-02/sub-015_ses-02_run-4_preprocessed_after_rereferencing.fif,31,206.479,1000.0
sub-015,ses-02,run-5,/Users/leeyelim/Documents/EEG/data/preprocessed/after_filtering/sub-015/ses-02/sub-015_ses-02_run-5_preprocessed_after_filtering.fif,/Users/leeyelim/Documents/EEG/data/preprocessed/after_rereferencing/sub-015/ses-02/sub-015_ses-02_run-5_preprocessed_after_rereferencing.fif,31,212.359,1000.0
sub-015,ses-02,run-6,/Users/leeyelim/Documents/EEG/data/preprocessed/after_filtering/sub-015/ses-02/sub-015_ses-02_run-6_preprocessed_after_filtering.fif,/Users/leeyelim/Documents/EEG/data/preprocessed/after_rereferencing/sub-015/ses-02/sub-015_ses-02_run-6_preprocessed_after_rereferencing.fif,31,213.239,1000.0
sub-015,ses-02,run-7,/Users/leeyelim/Documents/EEG/data/preprocessed/after_filtering/sub-015/ses-02/sub-015_ses-02_run-7_preprocessed_after_filtering.fif,/Users/leeyelim/Documents/EEG/data/preprocessed/after_rereferencing/sub-015/ses-02/sub-015_ses-02_run-7_preprocessed_after_rereferencing.fif,31,206.919,1000.0
sub-015,ses-02,run-8,/Users/leeyelim/Documents/EEG/data/preprocessed/after_filtering/sub-015/ses-02/sub-015_ses-02_run-8_preprocessed_after_filtering.fif,/Users/leeyelim/Documents/EEG/data/preprocessed/after_rereferencing/sub-015/ses-02/sub-015_ses-02_run-8_preprocessed_after_rereferencing.fif,31,206.319,1000.0
sub-015,ses-02,run-9,/Users/leeyelim/Documents/EEG/data/preprocessed/after_filtering/sub-015/ses-02/sub-015_ses-02_run-9_preprocessed_after_filtering.fif,/Users/leeyelim/Documents/EEG/data/preprocessed/after_rereferencing/sub-015/ses-02/sub-015_ses-02_run-9_preprocessed_after_rereferencing.fif,31,206.039,1000.0
sub-006,ses-01,run-10,/Users/leeyelim/Documents/EEG/data/preprocessed/after_filtering/sub-006/ses-01/sub-006_ses-01_run-10_preprocessed_after_filtering.fif,/Users/leeyelim/Documents/EEG/data/preprocessed/after_rereferencing/sub-006/ses-01/sub-006_ses-01_run-10_preprocessed_after_rereferencing.fif,31,205.359,1000.0
sub-006,ses-01,run-11,/Users/leeyelim/Documents/EEG/data/preprocessed/after_filtering/sub-006/ses-01/sub-006_ses-01_run-11_preprocessed_after_filtering.fif,/Users/leeyelim/Documents/EEG/data/preprocessed/after_rereferencing/sub-006/ses-01/sub-006_ses-01_run-11_preprocessed_after_rereferencing.fif,31,203.639,1000.0
sub-006,ses-01,run-12,/Users/leeyelim/Documents/EEG/data/preprocessed/after_filtering/sub-006/ses-01/sub-006_ses-01_run-12_preprocessed_after_filtering.fif,/Users/leeyelim/Documents/EEG/data/preprocessed/after_rereferencing/sub-006/ses-01/sub-006_ses-01_run-12_preprocessed_after_rereferencing.fif,31,205.359,1000.0
sub-006,ses-01,run-13,/Users/leeyelim/Documents/EEG/data/preprocessed/after_filtering/sub-006/ses-01/sub-006_ses-01_run-13_preprocessed_after_filtering.fif,/Users/leeyelim/Documents/EEG/data/preprocessed/after_rereferencing/sub-006/ses-01/sub-006_ses-01_run-13_preprocessed_after_rereferencing.fif,31,208.279,1000.0
sub-006,ses-01,run-1,/Users/leeyelim/Documents/EEG/data/preprocessed/after_filtering/sub-006/ses-01/sub-006_ses-01_run-1_preprocessed_after_filtering.fif,/Users/leeyelim/Documents/EEG/data/preprocessed/after_rereferencing/sub-006/ses-01/sub-006_ses-01_run-1_preprocessed_after_rereferencing.fif,31,207.319,1000.0
sub-006,ses-01,run-2,/Users/leeyelim/Documents/EEG/data/preprocessed/after_filtering/sub-006/ses-01/sub-006_ses-01_run-2_preprocessed_after_filtering.fif,/Users/leeyelim/Documents/EEG/data/preprocessed/after_rereferencing/sub-006/ses-01/sub-006_ses-01_run-2_preprocessed_after_rereferencing.fif,31,212.439,1000.0
sub-006,ses-01,run-3,/Users/leeyelim/Documents/EEG/data/preprocessed/after_filtering/sub-006/ses-01/sub-006_ses-01_run-3_preprocessed_after_filtering.fif,/Users/leeyelim/Documents/EEG/data/preprocessed/after_rereferencing/sub-006/ses-01/sub-006_ses-01_run-3_preprocessed_after_rereferencing.fif,31,206.559,1000.0
sub-006,ses-01,run-4,/Users/leeyelim/Documents/EEG/data/preprocessed/after_filtering/sub-006/ses-01/sub-006_ses-01_run-4_preprocessed_after_filtering.fif,/Users/leeyelim/Documents/EEG/data/preprocessed/after_rereferencing/sub-006/ses-01/sub-006_ses-01_run-4_preprocessed_after_rereferencing.fif,31,204.479,1000.0
sub-006,ses-01,run-5,/Users/leeyelim/Documents/EEG/data/preprocessed/after_filtering/sub-006/ses-01/sub-006_ses-01_run-5_preprocessed_after_filtering.fif,/Users/leeyelim/Documents/EEG/data/preprocessed/after_rereferencing/sub-006/ses-01/sub-006_ses-01_run-5_preprocessed_after_rereferencing.fif,31,204.759,1000.0
sub-006,ses-01,run-6,/Users/leeyelim/Documents/EEG/data/preprocessed/after_filtering/sub-006/ses-01/sub-006_ses-01_run-6_preprocessed_after_filtering.fif,/Users/leeyelim/Documents/EEG/data/preprocessed/after_rereferencing/sub-006/ses-01/sub-006_ses-01_run-6_preprocessed_after_rereferencing.fif,31,203.599,1000.0
sub-006,ses-01,run-7,/Users/leeyelim/Documents/EEG/data/preprocessed/after_filtering/sub-006/ses-01/sub-006_ses-01_run-7_preprocessed_after_filtering.fif,/Users/leeyelim/Documents/EEG/data/preprocessed/after_rereferencing/sub-006/ses-01/sub-006_ses-01_run-7_preprocessed_after_rereferencing.fif,31,205.399,1000.0
sub-006,ses-01,run-8,/Users/leeyelim/Documents/EEG/data/preprocessed/after_filtering/sub-006/ses-01/sub-006_ses-01_run-8_preprocessed_after_filtering.fif,/Users/leeyelim/Documents/EEG/data/preprocessed/after_rereferencing/sub-006/ses-01/sub-006_ses-01_run-8_preprocessed_after_rereferencing.fif,31,205.919,1000.0
sub-006,ses-01,run-9,/Users/leeyelim/Documents/EEG/data/preprocessed/after_filtering/sub-006/ses-01/sub-006_ses-01_run-9_preprocessed_after_filtering.fif,/Users/leeyelim/Documents/EEG/data/preprocessed/after_rereferencing/sub-006/ses-01/sub-006_ses-01_run-9_preprocessed_after_rereferencing.fif,31,205.279,1000.0
sub-006,ses-02,run-10,/Users/leeyelim/Documents/EEG/data/preprocessed/after_filtering/sub-006/ses-02/sub-006_ses-02_run-10_preprocessed_after_filtering.fif,/Users/leeyelim/Documents/EEG/data/preprocessed/after_rereferencing/sub-006/ses-02/sub-006_ses-02_run-10_preprocessed_after_rereferencing.fif,31,205.359,1000.0
sub-006,ses-02,run-11,/Users/leeyelim/Documents/EEG/data/preprocessed/after_filtering/sub-006/ses-02/sub-006_ses-02_run-11_preprocessed_after_filtering.fif,/Users/leeyelim/Documents/EEG/data/preprocessed/after_rereferencing/sub-006/ses-02/sub-006_ses-02_run-11_preprocessed_after_rereferencing.fif,31,203.639,1000.0
sub-006,ses-02,run-12,/Users/leeyelim/Documents/EEG/data/preprocessed/after_filtering/sub-006/ses-02/sub-006_ses-02_run-12_preprocessed_after_filtering.fif,/Users/leeyelim/Documents/EEG/data/preprocessed/after_rereferencing/sub-006/ses-02/sub-006_ses-02_run-12_preprocessed_after_rereferencing.fif,31,205.359,1000.0
sub-006,ses-02,run-1,/Users/leeyelim/Documents/EEG/data/preprocessed/after_filtering/sub-006/ses-02/sub-006_ses-02_run-1_preprocessed_after_filtering.fif,/Users/leeyelim/Documents/EEG/data/preprocessed/after_rereferencing/sub-006/ses-02/sub-006_ses-02_run-1_preprocessed_after_rereferencing.fif,31,207.319,1000.0
sub-006,ses-02,run-2,/Users/leeyelim/Documents/EEG/data/preprocessed/after_filtering/sub-006/ses-02/sub-006_ses-02_run-2_preprocessed_after_filtering.fif,/Users/leeyelim/Documents/EEG/data/preprocessed/after_rereferencing/sub-006/ses-02/sub-006_ses-02_run-2_preprocessed_after_rereferencing.fif,31,212.439,1000.0
sub-006,ses-02,run-3,/Users/leeyelim/Documents/EEG/data/preprocessed/after_filtering/sub-006/ses-02/sub-006_ses-02_run-3_preprocessed_after_filtering.fif,/Users/leeyelim/Documents/EEG/data/preprocessed/after_rereferencing/sub-006/ses-02/sub-006_ses-02_run-3_preprocessed_after_rereferencing.fif,31,206.559,1000.0
sub-006,ses-02,run-4,/Users/leeyelim/Documents/EEG/data/preprocessed/after_filtering/sub-006/ses-02/sub-006_ses-02_run-4_preprocessed_after_filtering.fif,/Users/leeyelim/Documents/EEG/data/preprocessed/after_rereferencing/sub-006/ses-02/sub-006_ses-02_run-4_preprocessed_after_rereferencing.fif,31,204.479,1000.0
sub-006,ses-02,run-5,/Users/leeyelim/Documents/EEG/data/preprocessed/after_filtering/sub-006/ses-02/sub-006_ses-02_run-5_preprocessed_after_filtering.fif,/Users/leeyelim/Documents/EEG/data/preprocessed/after_rereferencing/sub-006/ses-02/sub-006_ses-02_run-5_preprocessed_after_rereferencing.fif,31,204.759,1000.0
sub-006,ses-02,run-6,/Users/leeyelim/Documents/EEG/data/preprocessed/after_filtering/sub-006/ses-02/sub-006_ses-02_run-6_preprocessed_after_filtering.fif,/Users/leeyelim/Documents/EEG/data/preprocessed/after_rereferencing/sub-006/ses-02/sub-006_ses-02_run-6_preprocessed_after_rereferencing.fif,31,203.599,1000.0
sub-006,ses-02,run-7,/Users/leeyelim/Documents/EEG/data/preprocessed/after_filtering/sub-006/ses-02/sub-006_ses-02_run-7_preprocessed_after_filtering.fif,/Users/leeyelim/Documents/EEG/data/preprocessed/after_rereferencing/sub-006/ses-02/sub-006_ses-02_run-7_preprocessed_after_rereferencing.fif,31,205.399,1000.0
sub-006,ses-02,run-8,/Users/leeyelim/Documents/EEG/data/preprocessed/after_filtering/sub-006/ses-02/sub-006_ses-02_run-8_preprocessed_after_filtering.fif,/Users/leeyelim/Documents/EEG/data/preprocessed/after_rereferencing/sub-006/ses-02/sub-006_ses-02_run-8_preprocessed_after_rereferencing.fif,31,205.919,1000.0
sub-006,ses-02,run-9,/Users/leeyelim/Documents/EEG/data/preprocessed/after_filtering/sub-006/ses-02/sub-006_ses-02_run-9_preprocessed_after_filtering.fif,/Users/leeyelim/Documents/EEG/data/preprocessed/after_rereferencing/sub-006/ses-02/sub-006_ses-02_run-9_preprocessed_after_rereferencing.fif,31,205.279,1000.0
sub-010,ses-01,run-10,/Users/leeyelim/Documents/EEG/data/preprocessed/after_filtering/sub-010/ses-01/sub-010_ses-01_run-10_preprocessed_after_filtering.fif,/Users/leeyelim/Documents/EEG/data/preprocessed/after_rereferencing/sub-010/ses-01/sub-010_ses-01_run-10_preprocessed_after_rereferencing.fif,31,214.559,1000.0
sub-010,ses-01,run-11,/Users/leeyelim/Documents/EEG/data/preprocessed/after_filtering/sub-010/ses-01/sub-010_ses-01_run-11_preprocessed_after_filtering.fif,/Users/leeyelim/Documents/EEG/data/preprocessed/after_rereferencing/sub-010/ses-01/sub-010_ses-01_run-11_preprocessed_after_rereferencing.fif,31,213.759,1000.0
sub-010,ses-01,run-12,/Users/leeyelim/Documents/EEG/data/preprocessed/after_filtering/sub-010/ses-01/sub-010_ses-01_run-12_preprocessed_after_filtering.fif,/Users/leeyelim/Documents/EEG/data/preprocessed/after_rereferencing/sub-010/ses-01/sub-010_ses-01_run-12_preprocessed_after_rereferencing.fif,31,213.279,1000.0
sub-010,ses-01,run-13,/Users/leeyelim/Documents/EEG/data/preprocessed/after_filtering/sub-010/ses-01/sub-010_ses-01_run-13_preprocessed_after_filtering.fif,/Users/leeyelim/Documents/EEG/data/preprocessed/after_rereferencing/sub-010/ses-01/sub-010_ses-01_run-13_preprocessed_after_rereferencing.fif,31,221.479,1000.0
sub-010,ses-01,run-1,/Users/leeyelim/Documents/EEG/data/preprocessed/after_filtering/sub-010/ses-01/sub-010_ses-01_run-1_preprocessed_after_filtering.fif,/Users/leeyelim/Documents/EEG/data/preprocessed/after_rereferencing/sub-010/ses-01/sub-010_ses-01_run-1_preprocessed_after_rereferencing.fif,31,213.559,1000.0
sub-010,ses-01,run-2,/Users/leeyelim/Documents/EEG/data/preprocessed/after_filtering/sub-010/ses-01/sub-010_ses-01_run-2_preprocessed_after_filtering.fif,/Users/leeyelim/Documents/EEG/data/preprocessed/after_rereferencing/sub-010/ses-01/sub-010_ses-01_run-2_preprocessed_after_rereferencing.fif,31,215.839,1000.0
sub-010,ses-01,run-3,/Users/leeyelim/Documents/EEG/data/preprocessed/after_filtering/sub-010/ses-01/sub-010_ses-01_run-3_preprocessed_after_filtering.fif,/Users/leeyelim/Documents/EEG/data/preprocessed/after_rereferencing/sub-010/ses-01/sub-010_ses-01_run-3_preprocessed_after_rereferencing.fif,31,213.359,1000.0
sub-010,ses-01,run-4,/Users/leeyelim/Documents/EEG/data/preprocessed/after_filtering/sub-010/ses-01/sub-010_ses-01_run-4_preprocessed_after_filtering.fif,/Users/leeyelim/Documents/EEG/data/preprocessed/after_rereferencing/sub-010/ses-01/sub-010_ses-01_run-4_preprocessed_after_rereferencing.fif,31,225.919,1000.0
sub-010,ses-01,run-5,/Users/leeyelim/Documents/EEG/data/preprocessed/after_filtering/sub-010/ses-01/sub-010_ses-01_run-5_preprocessed_after_filtering.fif,/Users/leeyelim/Documents/EEG/data/preprocessed/after_rereferencing/sub-010/ses-01/sub-010_ses-01_run-5_preprocessed_after_rereferencing.fif,31,214.039,1000.0
sub-010,ses-01,run-6,/Users/leeyelim/Documents/EEG/data/preprocessed/after_filtering/sub-010/ses-01/sub-010_ses-01_run-6_preprocessed_after_filtering.fif,/Users/leeyelim/Documents/EEG/data/preprocessed/after_rereferencing/sub-010/ses-01/sub-010_ses-01_run-6_preprocessed_after_rereferencing.fif,31,218.559,1000.0
sub-010,ses-01,run-7,/Users/leeyelim/Documents/EEG/data/preprocessed/after_filtering/sub-010/ses-01/sub-010_ses-01_run-7_preprocessed_after_filtering.fif,/Users/leeyelim/Documents/EEG/data/preprocessed/after_rereferencing/sub-010/ses-01/sub-010_ses-01_run-7_preprocessed_after_rereferencing.fif,31,213.479,1000.0
sub-010,ses-01,run-8,/Users/leeyelim/Documents/EEG/data/preprocessed/after_filtering/sub-010/ses-01/sub-010_ses-01_run-8_preprocessed_after_filtering.fif,/Users/leeyelim/Documents/EEG/data/preprocessed/after_rereferencing/sub-010/ses-01/sub-010_ses-01_run-8_preprocessed_after_rereferencing.fif,31,211.799,1000.0
sub-010,ses-01,run-9,/Users/leeyelim/Documents/EEG/data/preprocessed/after_filtering/sub-010/ses-01/sub-010_ses-01_run-9_preprocessed_after_filtering.fif,/Users/leeyelim/Documents/EEG/data/preprocessed/after_rereferencing/sub-010/ses-01/sub-010_ses-01_run-9_preprocessed_after_rereferencing.fif,31,210.119,1000.0
sub-010,ses-02,run-10,/Users/leeyelim/Documents/EEG/data/preprocessed/after_filtering/sub-010/ses-02/sub-010_ses-02_run-10_preprocessed_after_filtering.fif,/Users/leeyelim/Documents/EEG/data/preprocessed/after_rereferencing/sub-010/ses-02/sub-010_ses-02_run-10_preprocessed_after_rereferencing.fif,31,214.559,1000.0
sub-010,ses-02,run-11,/Users/leeyelim/Documents/EEG/data/preprocessed/after_filtering/sub-010/ses-02/sub-010_ses-02_run-11_preprocessed_after_filtering.fif,/Users/leeyelim/Documents/EEG/data/preprocessed/after_rereferencing/sub-010/ses-02/sub-010_ses-02_run-11_preprocessed_after_rereferencing.fif,31,213.759,1000.0
sub-010,ses-02,run-12,/Users/leeyelim/Documents/EEG/data/preprocessed/after_filtering/sub-010/ses-02/sub-010_ses-02_run-12_preprocessed_after_filtering.fif,/Users/leeyelim/Documents/EEG/data/preprocessed/after_rereferencing/sub-010/ses-02/sub-010_ses-02_run-12_preprocessed_after_rereferencing.fif,31,213.279,1000.0
sub-010,ses-02,run-1,/Users/leeyelim/Documents/EEG/data/preprocessed/after_filtering/sub-010/ses-02/sub-010_ses-02_run-1_preprocessed_after_filtering.fif,/Users/leeyelim/Documents/EEG/data/preprocessed/after_rereferencing/sub-010/ses-02/sub-010_ses-02_run-1_preprocessed_after_rereferencing.fif,31,213.559,1000.0
sub-010,ses-02,run-2,/Users/leeyelim/Documents/EEG/data/preprocessed/after_filtering/sub-010/ses-02/sub-010_ses-02_run-2_preprocessed_after_filtering.fif,/Users/leeyelim/Documents/EEG/data/preprocessed/after_rereferencing/sub-010/ses-02/sub-010_ses-02_run-2_preprocessed_after_rereferencing.fif,31,215.839,1000.0
sub-010,ses-02,run-3,/Users/leeyelim/Documents/EEG/data/preprocessed/after_filtering/sub-010/ses-02/sub-010_ses-02_run-3_preprocessed_after_filtering.fif,/Users/leeyelim/Documents/EEG/data/preprocessed/after_rereferencing/sub-010/ses-02/sub-010_ses-02_run-3_preprocessed_after_rereferencing.fif,31,213.359,1000.0
sub-010,ses-02,run-4,/Users/leeyelim/Documents/EEG/data/preprocessed/after_filtering/sub-010/ses-02/sub-010_ses-02_run-4_preprocessed_after_filtering.fif,/Users/leeyelim/Documents/EEG/data/preprocessed/after_rereferencing/sub-010/ses-02/sub-010_ses-02_run-4_preprocessed_after_rereferencing.fif,31,225.919,1000.0
sub-010,ses-02,run-5,/Users/leeyelim/Documents/EEG/data/preprocessed/after_filtering/sub-010/ses-02/sub-010_ses-02_run-5_preprocessed_after_filtering.fif,/Users/leeyelim/Documents/EEG/data/preprocessed/after_rereferencing/sub-010/ses-02/sub-010_ses-02_run-5_preprocessed_after_rereferencing.fif,31,214.039,1000.0
sub-010,ses-02,run-6,/Users/leeyelim/Documents/EEG/data/preprocessed/after_filtering/sub-010/ses-02/sub-010_ses-02_run-6_preprocessed_after_filtering.fif,/Users/leeyelim/Documents/EEG/data/preprocessed/after_rereferencing/sub-010/ses-02/sub-010_ses-02_run-6_preprocessed_after_rereferencing.fif,31,218.559,1000.0
sub-010,ses-02,run-7,/Users/leeyelim/Documents/EEG/data/preprocessed/after_filtering/sub-010/ses-02/sub-010_ses-02_run-7_preprocessed_after_filtering.fif,/Users/leeyelim/Documents/EEG/data/preprocessed/after_rereferencing/sub-010/ses-02/sub-010_ses-02_run-7_preprocessed_after_rereferencing.fif,31,213.479,1000.0
sub-010,ses-02,run-8,/Users/leeyelim/Documents/EEG/data/preprocessed/after_filtering/sub-010/ses-02/sub-010_ses-02_run-8_preprocessed_after_filtering.fif,/Users/leeyelim/Documents/EEG/data/preprocessed/after_rereferencing/sub-010/ses-02/sub-010_ses-02_run-8_preprocessed_after_rereferencing.fif,31,211.799,1000.0
sub-010,ses-02,run-9,/Users/leeyelim/Documents/EEG/data/preprocessed/after_filtering/sub-010/ses-02/sub-010_ses-02_run-9_preprocessed_after_filtering.fif,/Users/leeyelim/Documents/EEG/data/preprocessed/after_rereferencing/sub-010/ses-02/sub-010_ses-02_run-9_preprocessed_after_rereferencing.fif,31,210.119,1000.0
sub-012,ses-01,run-10,/Users/leeyelim/Documents/EEG/data/preprocessed/after_filtering/sub-012/ses-01/sub-012_ses-01_run-10_preprocessed_after_filtering.fif,/Users/leeyelim/Documents/EEG/data/preprocessed/after_rereferencing/sub-012/ses-01/sub-012_ses-01_run-10_preprocessed_after_rereferencing.fif,31,215.439,1000.0
sub-012,ses-01,run-11,/Users/leeyelim/Documents/EEG/data/preprocessed/after_filtering/sub-012/ses-01/sub-012_ses-01_run-11_preprocessed_after_filtering.fif,/Users/leeyelim/Documents/EEG/data/preprocessed/after_rereferencing/sub-012/ses-01/sub-012_ses-01_run-11_preprocessed_after_rereferencing.fif,31,215.759,1000.0
sub-012,ses-01,run-12,/Users/leeyelim/Documents/EEG/data/preprocessed/after_filtering/sub-012/ses-01/sub-012_ses-01_run-12_preprocessed_after_filtering.fif,/Users/leeyelim/Documents/EEG/data/preprocessed/after_rereferencing/sub-012/ses-01/sub-012_ses-01_run-12_preprocessed_after_rereferencing.fif,31,216.359,1000.0
sub-012,ses-01,run-13,/Users/leeyelim/Documents/EEG/data/preprocessed/after_filtering/sub-012/ses-01/sub-012_ses-01_run-13_preprocessed_after_filtering.fif,/Users/leeyelim/Documents/EEG/data/preprocessed/after_rereferencing/sub-012/ses-01/sub-012_ses-01_run-13_preprocessed_after_rereferencing.fif,31,219.199,1000.0
sub-012,ses-01,run-1,/Users/leeyelim/Documents/EEG/data/preprocessed/after_filtering/sub-012/ses-01/sub-012_ses-01_run-1_preprocessed_after_filtering.fif,/Users/leeyelim/Documents/EEG/data/preprocessed/after_rereferencing/sub-012/ses-01/sub-012_ses-01_run-1_preprocessed_after_rereferencing.fif,31,214.799,1000.0
sub-012,ses-01,run-2,/Users/leeyelim/Documents/EEG/data/preprocessed/after_filtering/sub-012/ses-01/sub-012_ses-01_run-2_preprocessed_after_filtering.fif,/Users/leeyelim/Documents/EEG/data/preprocessed/after_rereferencing/sub-012/ses-01/sub-012_ses-01_run-2_preprocessed_after_rereferencing.fif,31,210.319,1000.0
sub-012,ses-01,run-3,/Users/leeyelim/Documents/EEG/data/preprocessed/after_filtering/sub-012/ses-01/sub-012_ses-01_run-3_preprocessed_after_filtering.fif,/Users/leeyelim/Documents/EEG/data/preprocessed/after_rereferencing/sub-012/ses-01/sub-012_ses-01_run-3_preprocessed_after_rereferencing.fif,31,213.919,1000.0
sub-012,ses-01,run-4,/Users/leeyelim/Documents/EEG/data/preprocessed/after_filtering/sub-012/ses-01/sub-012_ses-01_run-4_preprocessed_after_filtering.fif,/Users/leeyelim/Documents/EEG/data/preprocessed/after_rereferencing/sub-012/ses-01/sub-012_ses-01_run-4_preprocessed_after_rereferencing.fif,31,218.359,1000.0
sub-012,ses-01,run-5,/Users/leeyelim/Documents/EEG/data/preprocessed/after_filtering/sub-012/ses-01/sub-012_ses-01_run-5_preprocessed_after_filtering.fif,/Users/leeyelim/Documents/EEG/data/preprocessed/after_rereferencing/sub-012/ses-01/sub-012_ses-01_run-5_preprocessed_after_rereferencing.fif,31,215.679,1000.0
sub-012,ses-01,run-6,/Users/leeyelim/Documents/EEG/data/preprocessed/after_filtering/sub-012/ses-01/sub-012_ses-01_run-6_preprocessed_after_filtering.fif,/Users/leeyelim/Documents/EEG/data/preprocessed/after_rereferencing/sub-012/ses-01/sub-012_ses-01_run-6_preprocessed_after_rereferencing.fif,31,210.919,1000.0
sub-012,ses-01,run-7,/Users/leeyelim/Documents/EEG/data/preprocessed/after_filtering/sub-012/ses-01/sub-012_ses-01_run-7_preprocessed_after_filtering.fif,/Users/leeyelim/Documents/EEG/data/preprocessed/after_rereferencing/sub-012/ses-01/sub-012_ses-01_run-7_preprocessed_after_rereferencing.fif,31,216.199,1000.0
sub-012,ses-01,run-8,/Users/leeyelim/Documents/EEG/data/preprocessed/after_filtering/sub-012/ses-01/sub-012_ses-01_run-8_preprocessed_after_filtering.fif,/Users/leeyelim/Documents/EEG/data/preprocessed/after_rereferencing/sub-012/ses-01/sub-012_ses-01_run-8_preprocessed_after_rereferencing.fif,31,220.839,1000.0
sub-012,ses-01,run-9,/Users/leeyelim/Documents/EEG/data/preprocessed/after_filtering/sub-012/ses-01/sub-012_ses-01_run-9_preprocessed_after_filtering.fif,/Users/leeyelim/Documents/EEG/data/preprocessed/after_rereferencing/sub-012/ses-01/sub-012_ses-01_run-9_preprocessed_after_rereferencing.fif,31,216.279,1000.0
sub-012,ses-02,run-10,/Users/leeyelim/Documents/EEG/data/preprocessed/after_filtering/sub-012/ses-02/sub-012_ses-02_run-10_preprocessed_after_filtering.fif,/Users/leeyelim/Documents/EEG/data/preprocessed/after_rereferencing/sub-012/ses-02/sub-012_ses-02_run-10_preprocessed_after_rereferencing.fif,31,215.439,1000.0
sub-012,ses-02,run-11,/Users/leeyelim/Documents/EEG/data/preprocessed/after_filtering/sub-012/ses-02/sub-012_ses-02_run-11_preprocessed_after_filtering.fif,/Users/leeyelim/Documents/EEG/data/preprocessed/after_rereferencing/sub-012/ses-02/sub-012_ses-02_run-11_preprocessed_after_rereferencing.fif,31,215.759,1000.0
sub-012,ses-02,run-12,/Users/leeyelim/Documents/EEG/data/preprocessed/after_filtering/sub-012/ses-02/sub-012_ses-02_run-12_preprocessed_after_filtering.fif,/Users/leeyelim/Documents/EEG/data/preprocessed/after_rereferencing/sub-012/ses-02/sub-012_ses-02_run-12_preprocessed_after_rereferencing.fif,31,216.359,1000.0
sub-012,ses-02,run-1,/Users/leeyelim/Documents/EEG/data/preprocessed/after_filtering/sub-012/ses-02/sub-012_ses-02_run-1_preprocessed_after_filtering.fif,/Users/leeyelim/Documents/EEG/data/preprocessed/after_rereferencing/sub-012/ses-02/sub-012_ses-02_run-1_preprocessed_after_rereferencing.fif,31,214.799,1000.0
sub-012,ses-02,run-2,/Users/leeyelim/Documents/EEG/data/preprocessed/after_filtering/sub-012/ses-02/sub-012_ses-02_run-2_preprocessed_after_filtering.fif,/Users/leeyelim/Documents/EEG/data/preprocessed/after_rereferencing/sub-012/ses-02/sub-012_ses-02_run-2_preprocessed_after_rereferencing.fif,31,210.319,1000.0
sub-012,ses-02,run-3,/Users/leeyelim/Documents/EEG/data/preprocessed/after_filtering/sub-012/ses-02/sub-012_ses-02_run-3_preprocessed_after_filtering.fif,/Users/leeyelim/Documents/EEG/data/preprocessed/after_rereferencing/sub-012/ses-02/sub-012_ses-02_run-3_preprocessed_after_rereferencing.fif,31,213.919,1000.0
sub-012,ses-02,run-4,/Users/leeyelim/Documents/EEG/data/preprocessed/after_filtering/sub-012/ses-02/sub-012_ses-02_run-4_preprocessed_after_filtering.fif,/Users/leeyelim/Documents/EEG/data/preprocessed/after_rereferencing/sub-012/ses-02/sub-012_ses-02_run-4_preprocessed_after_rereferencing.fif,31,218.359,1000.0
sub-012,ses-02,run-5,/Users/leeyelim/Documents/EEG/data/preprocessed/after_filtering/sub-012/ses-02/sub-012_ses-02_run-5_preprocessed_after_filtering.fif,/Users/leeyelim/Documents/EEG/data/preprocessed/after_rereferencing/sub-012/ses-02/sub-012_ses-02_run-5_preprocessed_after_rereferencing.fif,31,215.679,1000.0
sub-012,ses-02,run-6,/Users/leeyelim/Documents/EEG/data/preprocessed/after_filtering/sub-012/ses-02/sub-012_ses-02_run-6_preprocessed_after_filtering.fif,/Users/leeyelim/Documents/EEG/data/preprocessed/after_rereferencing/sub-012/ses-02/sub-012_ses-02_run-6_preprocessed_after_rereferencing.fif,31,210.919,1000.0
sub-012,ses-02,run-7,/Users/leeyelim/Documents/EEG/data/preprocessed/after_filtering/sub-012/ses-02/sub-012_ses-02_run-7_preprocessed_after_filtering.fif,/Users/leeyelim/Documents/EEG/data/preprocessed/after_rereferencing/sub-012/ses-02/sub-012_ses-02_run-7_preprocessed_after_rereferencing.fif,31,216.199,1000.0
sub-012,ses-02,run-8,/Users/leeyelim/Documents/EEG/data/preprocessed/after_filtering/sub-012/ses-02/sub-012_ses-02_run-8_preprocessed_after_filtering.fif,/Users/leeyelim/Documents/EEG/data/preprocessed/after_rereferencing/sub-012/ses-02/sub-012_ses-02_run-8_preprocessed_after_rereferencing.fif,31,220.839,1000.0
sub-012,ses-02,run-9,/Users/leeyelim/Documents/EEG/data/preprocessed/after_filtering/sub-012/ses-02/sub-012_ses-02_run-9_preprocessed_after_filtering.fif,/Users/leeyelim/Documents/EEG/data/preprocessed/after_rereferencing/sub-012/ses-02/sub-012_ses-02_run-9_preprocessed_after_rereferencing.fif,31,216.279,1000.0
sub-007,ses-01,run-10,/Users/leeyelim/Documents/EEG/data/preprocessed/after_filtering/sub-007/ses-01/sub-007_ses-01_run-10_preprocessed_after_filtering.fif,/Users/leeyelim/Documents/EEG/data/preprocessed/after_rereferencing/sub-007/ses-01/sub-007_ses-01_run-10_preprocessed_after_rereferencing.fif,31,210.719,1000.0
sub-007,ses-01,run-11,/Users/leeyelim/Documents/EEG/data/preprocessed/after_filtering/sub-007/ses-01/sub-007_ses-01_run-11_preprocessed_after_filtering.fif,/Users/leeyelim/Documents/EEG/data/preprocessed/after_rereferencing/sub-007/ses-01/sub-007_ses-01_run-11_preprocessed_after_rereferencing.fif,31,207.119,1000.0
sub-007,ses-01,run-12,/Users/leeyelim/Documents/EEG/data/preprocessed/after_filtering/sub-007/ses-01/sub-007_ses-01_run-12_preprocessed_after_filtering.fif,/Users/leeyelim/Documents/EEG/data/preprocessed/after_rereferencing/sub-007/ses-01/sub-007_ses-01_run-12_preprocessed_after_rereferencing.fif,31,206.759,1000.0
sub-007,ses-01,run-13,/Users/leeyelim/Documents/EEG/data/preprocessed/after_filtering/sub-007/ses-01/sub-007_ses-01_run-13_preprocessed_after_filtering.fif,/Users/leeyelim/Documents/EEG/data/preprocessed/after_rereferencing/sub-007/ses-01/sub-007_ses-01_run-13_preprocessed_after_rereferencing.fif,31,208.279,1000.0
sub-007,ses-01,run-1,/Users/leeyelim/Documents/EEG/data/preprocessed/after_filtering/sub-007/ses-01/sub-007_ses-01_run-1_preprocessed_after_filtering.fif,/Users/leeyelim/Documents/EEG/data/preprocessed/after_rereferencing/sub-007/ses-01/sub-007_ses-01_run-1_preprocessed_after_rereferencing.fif,31,251.399,1000.0
sub-007,ses-01,run-2,/Users/leeyelim/Documents/EEG/data/preprocessed/after_filtering/sub-007/ses-01/sub-007_ses-01_run-2_preprocessed_after_filtering.fif,/Users/leeyelim/Documents/EEG/data/preprocessed/after_rereferencing/sub-007/ses-01/sub-007_ses-01_run-2_preprocessed_after_rereferencing.fif,31,262.439,1000.0
sub-007,ses-01,run-3,/Users/leeyelim/Documents/EEG/data/preprocessed/after_filtering/sub-007/ses-01/sub-007_ses-01_run-3_preprocessed_after_filtering.fif,/Users/leeyelim/Documents/EEG/data/preprocessed/after_rereferencing/sub-007/ses-01/sub-007_ses-01_run-3_preprocessed_after_rereferencing.fif,31,216.919,1000.0
sub-007,ses-01,run-4,/Users/leeyelim/Documents/EEG/data/preprocessed/after_filtering/sub-007/ses-01/sub-007_ses-01_run-4_preprocessed_after_filtering.fif,/Users/leeyelim/Documents/EEG/data/preprocessed/after_rereferencing/sub-007/ses-01/sub-007_ses-01_run-4_preprocessed_after_rereferencing.fif,31,231.999,1000.0
sub-007,ses-01,run-5,/Users/leeyelim/Documents/EEG/data/preprocessed/after_filtering/sub-007/ses-01/sub-007_ses-01_run-5_preprocessed_after_filtering.fif,/Users/leeyelim/Documents/EEG/data/preprocessed/after_rereferencing/sub-007/ses-01/sub-007_ses-01_run-5_preprocessed_after_rereferencing.fif,31,232.279,1000.0
sub-007,ses-01,run-6,/Users/leeyelim/Documents/EEG/data/preprocessed/after_filtering/sub-007/ses-01/sub-007_ses-01_run-6_preprocessed_after_filtering.fif,/Users/leeyelim/Documents/EEG/data/preprocessed/after_rereferencing/sub-007/ses-01/sub-007_ses-01_run-6_preprocessed_after_rereferencing.fif,31,221.039,1000.0
sub-007,ses-01,run-7,/Users/leeyelim/Documents/EEG/data/preprocessed/after_filtering/sub-007/ses-01/sub-007_ses-01_run-7_preprocessed_after_filtering.fif,/Users/leeyelim/Documents/EEG/data/preprocessed/after_rereferencing/sub-007/ses-01/sub-007_ses-01_run-7_preprocessed_after_rereferencing.fif,31,211.919,1000.0
sub-007,ses-01,run-8,/Users/leeyelim/Documents/EEG/data/preprocessed/after_filtering/sub-007/ses-01/sub-007_ses-01_run-8_preprocessed_after_filtering.fif,/Users/leeyelim/Documents/EEG/data/preprocessed/after_rereferencing/sub-007/ses-01/sub-007_ses-01_run-8_preprocessed_after_rereferencing.fif,31,206.639,1000.0
sub-007,ses-01,run-9,/Users/leeyelim/Documents/EEG/data/preprocessed/after_filtering/sub-007/ses-01/sub-007_ses-01_run-9_preprocessed_after_filtering.fif,/Users/leeyelim/Documents/EEG/data/preprocessed/after_rereferencing/sub-007/ses-01/sub-007_ses-01_run-9_preprocessed_after_rereferencing.fif,31,208.439,1000.0
sub-007,ses-02,run-10,/Users/leeyelim/Documents/EEG/data/preprocessed/after_filtering/sub-007/ses-02/sub-007_ses-02_run-10_preprocessed_after_filtering.fif,/Users/leeyelim/Documents/EEG/data/preprocessed/after_rereferencing/sub-007/ses-02/sub-007_ses-02_run-10_preprocessed_after_rereferencing.fif,31,210.719,1000.0
sub-007,ses-02,run-11,/Users/leeyelim/Documents/EEG/data/preprocessed/after_filtering/sub-007/ses-02/sub-007_ses-02_run-11_preprocessed_after_filtering.fif,/Users/leeyelim/Documents/EEG/data/preprocessed/after_rereferencing/sub-007/ses-02/sub-007_ses-02_run-11_preprocessed_after_rereferencing.fif,31,207.119,1000.0
sub-007,ses-02,run-12,/Users/leeyelim/Documents/EEG/data/preprocessed/after_filtering/sub-007/ses-02/sub-007_ses-02_run-12_preprocessed_after_filtering.fif,/Users/leeyelim/Documents/EEG/data/preprocessed/after_rereferencing/sub-007/ses-02/sub-007_ses-02_run-12_preprocessed_after_rereferencing.fif,31,206.759,1000.0
sub-007,ses-02,run-1,/Users/leeyelim/Documents/EEG/data/preprocessed/after_filtering/sub-007/ses-02/sub-007_ses-02_run-1_preprocessed_after_filtering.fif,/Users/leeyelim/Documents/EEG/data/preprocessed/after_rereferencing/sub-007/ses-02/sub-007_ses-02_run-1_preprocessed_after_rereferencing.fif,31,251.399,1000.0
sub-007,ses-02,run-2,/Users/leeyelim/Documents/EEG/data/preprocessed/after_filtering/sub-007/ses-02/sub-007_ses-02_run-2_preprocessed_after_filtering.fif,/Users/leeyelim/Documents/EEG/data/preprocessed/after_rereferencing/sub-007/ses-02/sub-007_ses-02_run-2_preprocessed_after_rereferencing.fif,31,262.439,1000.0
sub-007,ses-02,run-3,/Users/leeyelim/Documents/EEG/data/preprocessed/after_filtering/sub-007/ses-02/sub-007_ses-02_run-3_preprocessed_after_filtering.fif,/Users/leeyelim/Documents/EEG/data/preprocessed/after_rereferencing/sub-007/ses-02/sub-007_ses-02_run-3_preprocessed_after_rereferencing.fif,31,216.919,1000.0
sub-007,ses-02,run-4,/Users/leeyelim/Documents/EEG/data/preprocessed/after_filtering/sub-007/ses-02/sub-007_ses-02_run-4_preprocessed_after_filtering.fif,/Users/leeyelim/Documents/EEG/data/preprocessed/after_rereferencing/sub-007/ses-02/sub-007_ses-02_run-4_preprocessed_after_rereferencing.fif,31,231.999,1000.0
sub-007,ses-02,run-5,/Users/leeyelim/Documents/EEG/data/preprocessed/after_filtering/sub-007/ses-02/sub-007_ses-02_run-5_preprocessed_after_filtering.fif,/Users/leeyelim/Documents/EEG/data/preprocessed/after_rereferencing/sub-007/ses-02/sub-007_ses-02_run-5_preprocessed_after_rereferencing.fif,31,232.279,1000.0
sub-007,ses-02,run-6,/Users/leeyelim/Documents/EEG/data/preprocessed/after_filtering/sub-007/ses-02/sub-007_ses-02_run-6_preprocessed_after_filtering.fif,/Users/leeyelim/Documents/EEG/data/preprocessed/after_rereferencing/sub-007/ses-02/sub-007_ses-02_run-6_preprocessed_after_rereferencing.fif,31,221.039,1000.0
sub-007,ses-02,run-7,/Users/leeyelim/Documents/EEG/data/preprocessed/after_filtering/sub-007/ses-02/sub-007_ses-02_run-7_preprocessed_after_filtering.fif,/Users/leeyelim/Documents/EEG/data/preprocessed/after_rereferencing/sub-007/ses-02/sub-007_ses-02_run-7_preprocessed_after_rereferencing.fif,31,211.919,1000.0
sub-007,ses-02,run-8,/Users/leeyelim/Documents/EEG/data/preprocessed/after_filtering/sub-007/ses-02/sub-007_ses-02_run-8_preprocessed_after_filtering.fif,/Users/leeyelim/Documents/EEG/data/preprocessed/after_rereferencing/sub-007/ses-02/sub-007_ses-02_run-8_preprocessed_after_rereferencing.fif,31,206.639,1000.0
sub-007,ses-02,run-9,/Users/leeyelim/Documents/EEG/data/preprocessed/after_filtering/sub-007/ses-02/sub-007_ses-02_run-9_preprocessed_after_filtering.fif,/Users/leeyelim/Documents/EEG/data/preprocessed/after_rereferencing/sub-007/ses-02/sub-007_ses-02_run-9_preprocessed_after_rereferencing.fif,31,208.439,1000.0
sub-003,ses-01,run-10,/Users/leeyelim/Documents/EEG/data/preprocessed/after_filtering/sub-003/ses-01/sub-003_ses-01_run-10_preprocessed_after_filtering.fif,/Users/leeyelim/Documents/EEG/data/preprocessed/after_rereferencing/sub-003/ses-01/sub-003_ses-01_run-10_preprocessed_after_rereferencing.fif,31,205.999,1000.0
sub-003,ses-01,run-11,/Users/leeyelim/Documents/EEG/data/preprocessed/after_filtering/sub-003/ses-01/sub-003_ses-01_run-11_preprocessed_after_filtering.fif,/Users/leeyelim/Documents/EEG/data/preprocessed/after_rereferencing/sub-003/ses-01/sub-003_ses-01_run-11_preprocessed_after_rereferencing.fif,31,205.719,1000.0
sub-003,ses-01,run-12,/Users/leeyelim/Documents/EEG/data/preprocessed/after_filtering/sub-003/ses-01/sub-003_ses-01_run-12_preprocessed_after_filtering.fif,/Users/leeyelim/Documents/EEG/data/preprocessed/after_rereferencing/sub-003/ses-01/sub-003_ses-01_run-12_preprocessed_after_rereferencing.fif,31,207.439,1000.0
sub-003,ses-01,run-13,/Users/leeyelim/Documents/EEG/data/preprocessed/after_filtering/sub-003/ses-01/sub-003_ses-01_run-13_preprocessed_after_filtering.fif,/Users/leeyelim/Documents/EEG/data/preprocessed/after_rereferencing/sub-003/ses-01/sub-003_ses-01_run-13_preprocessed_after_rereferencing.fif,31,208.719,1000.0
sub-003,ses-01,run-1,/Users/leeyelim/Documents/EEG/data/preprocessed/after_filtering/sub-003/ses-01/sub-003_ses-01_run-1_preprocessed_after_filtering.fif,/Users/leeyelim/Documents/EEG/data/preprocessed/after_rereferencing/sub-003/ses-01/sub-003_ses-01_run-1_preprocessed_after_rereferencing.fif,31,227.239,1000.0
sub-003,ses-01,run-2,/Users/leeyelim/Documents/EEG/data/preprocessed/after_filtering/sub-003/ses-01/sub-003_ses-01_run-2_preprocessed_after_filtering.fif,/Users/leeyelim/Documents/EEG/data/preprocessed/after_rereferencing/sub-003/ses-01/sub-003_ses-01_run-2_preprocessed_after_rereferencing.fif,31,223.879,1000.0
sub-003,ses-01,run-3,/Users/leeyelim/Documents/EEG/data/preprocessed/after_filtering/sub-003/ses-01/sub-003_ses-01_run-3_preprocessed_after_filtering.fif,/Users/leeyelim/Documents/EEG/data/preprocessed/after_rereferencing/sub-003/ses-01/sub-003_ses-01_run-3_preprocessed_after_rereferencing.fif,31,209.319,1000.0
sub-003,ses-01,run-4,/Users/leeyelim/Documents/EEG/data/preprocessed/after_filtering/sub-003/ses-01/sub-003_ses-01_run-4_preprocessed_after_filtering.fif,/Users/leeyelim/Documents/EEG/data/preprocessed/after_rereferencing/sub-003/ses-01/sub-003_ses-01_run-4_preprocessed_after_rereferencing.fif,31,209.039,1000.0
sub-003,ses-01,run-5,/Users/leeyelim/Documents/EEG/data/preprocessed/after_filtering/sub-003/ses-01/sub-003_ses-01_run-5_preprocessed_after_filtering.fif,/Users/leeyelim/Documents/EEG/data/preprocessed/after_rereferencing/sub-003/ses-01/sub-003_ses-01_run-5_preprocessed_after_rereferencing.fif,31,206.839,1000.0
sub-003,ses-01,run-6,/Users/leeyelim/Documents/EEG/data/preprocessed/after_filtering/sub-003/ses-01/sub-003_ses-01_run-6_preprocessed_after_filtering.fif,/Users/leeyelim/Documents/EEG/data/preprocessed/after_rereferencing/sub-003/ses-01/sub-003_ses-01_run-6_preprocessed_after_rereferencing.fif,31,208.079,1000.0
sub-003,ses-01,run-7,/Users/leeyelim/Documents/EEG/data/preprocessed/after_filtering/sub-003/ses-01/sub-003_ses-01_run-7_preprocessed_after_filtering.fif,/Users/leeyelim/Documents/EEG/data/preprocessed/after_rereferencing/sub-003/ses-01/sub-003_ses-01_run-7_preprocessed_after_rereferencing.fif,31,209.879,1000.0
sub-003,ses-01,run-8,/Users/leeyelim/Documents/EEG/data/preprocessed/after_filtering/sub-003/ses-01/sub-003_ses-01_run-8_preprocessed_after_filtering.fif,/Users/leeyelim/Documents/EEG/data/preprocessed/after_rereferencing/sub-003/ses-01/sub-003_ses-01_run-8_preprocessed_after_rereferencing.fif,31,208.319,1000.0
sub-003,ses-01,run-9,/Users/leeyelim/Documents/EEG/data/preprocessed/after_filtering/sub-003/ses-01/sub-003_ses-01_run-9_preprocessed_after_filtering.fif,/Users/leeyelim/Documents/EEG/data/preprocessed/after_rereferencing/sub-003/ses-01/sub-003_ses-01_run-9_preprocessed_after_rereferencing.fif,31,207.079,1000.0
sub-003,ses-02,run-10,/Users/leeyelim/Documents/EEG/data/preprocessed/after_filtering/sub-003/ses-02/sub-003_ses-02_run-10_preprocessed_after_filtering.fif,/Users/leeyelim/Documents/EEG/data/preprocessed/after_rereferencing/sub-003/ses-02/sub-003_ses-02_run-10_preprocessed_after_rereferencing.fif,31,205.999,1000.0
sub-003,ses-02,run-11,/Users/leeyelim/Documents/EEG/data/preprocessed/after_filtering/sub-003/ses-02/sub-003_ses-02_run-11_preprocessed_after_filtering.fif,/Users/leeyelim/Documents/EEG/data/preprocessed/after_rereferencing/sub-003/ses-02/sub-003_ses-02_run-11_preprocessed_after_rereferencing.fif,31,205.719,1000.0
sub-003,ses-02,run-12,/Users/leeyelim/Documents/EEG/data/preprocessed/after_filtering/sub-003/ses-02/sub-003_ses-02_run-12_preprocessed_after_filtering.fif,/Users/leeyelim/Documents/EEG/data/preprocessed/after_rereferencing/sub-003/ses-02/sub-003_ses-02_run-12_preprocessed_after_rereferencing.fif,31,207.439,1000.0
sub-003,ses-02,run-1,/Users/leeyelim/Documents/EEG/data/preprocessed/after_filtering/sub-003/ses-02/sub-003_ses-02_run-1_preprocessed_after_filtering.fif,/Users/leeyelim/Documents/EEG/data/preprocessed/after_rereferencing/sub-003/ses-02/sub-003_ses-02_run-1_preprocessed_after_rereferencing.fif,31,227.239,1000.0
sub-003,ses-02,run-2,/Users/leeyelim/Documents/EEG/data/preprocessed/after_filtering/sub-003/ses-02/sub-003_ses-02_run-2_preprocessed_after_filtering.fif,/Users/leeyelim/Documents/EEG/data/preprocessed/after_rereferencing/sub-003/ses-02/sub-003_ses-02_run-2_preprocessed_after_rereferencing.fif,31,223.879,1000.0
sub-003,ses-02,run-3,/Users/leeyelim/Documents/EEG/data/preprocessed/after_filtering/sub-003/ses-02/sub-003_ses-02_run-3_preprocessed_after_filtering.fif,/Users/leeyelim/Documents/EEG/data/preprocessed/after_rereferencing/sub-003/ses-02/sub-003_ses-02_run-3_preprocessed_after_rereferencing.fif,31,209.319,1000.0
sub-003,ses-02,run-4,/Users/leeyelim/Documents/EEG/data/preprocessed/after_filtering/sub-003/ses-02/sub-003_ses-02_run-4_preprocessed_after_filtering.fif,/Users/leeyelim/Documents/EEG/data/preprocessed/after_rereferencing/sub-003/ses-02/sub-003_ses-02_run-4_preprocessed_after_rereferencing.fif,31,209.039,1000.0
sub-003,ses-02,run-5,/Users/leeyelim/Documents/EEG/data/preprocessed/after_filtering/sub-003/ses-02/sub-003_ses-02_run-5_preprocessed_after_filtering.fif,/Users/leeyelim/Documents/EEG/data/preprocessed/after_rereferencing/sub-003/ses-02/sub-003_ses-02_run-5_preprocessed_after_rereferencing.fif,31,206.839,1000.0
sub-003,ses-02,run-6,/Users/leeyelim/Documents/EEG/data/preprocessed/after_filtering/sub-003/ses-02/sub-003_ses-02_run-6_preprocessed_after_filtering.fif,/Users/leeyelim/Documents/EEG/data/preprocessed/after_rereferencing/sub-003/ses-02/sub-003_ses-02_run-6_preprocessed_after_rereferencing.fif,31,208.079,1000.0
sub-003,ses-02,run-7,/Users/leeyelim/Documents/EEG/data/preprocessed/after_filtering/sub-003/ses-02/sub-003_ses-02_run-7_preprocessed_after_filtering.fif,/Users/leeyelim/Documents/EEG/data/preprocessed/after_rereferencing/sub-003/ses-02/sub-003_ses-02_run-7_preprocessed_after_rereferencing.fif,31,209.879,1000.0
sub-003,ses-02,run-8,/Users/leeyelim/Documents/EEG/data/preprocessed/after_filtering/sub-003/ses-02/sub-003_ses-02_run-8_preprocessed_after_filtering.fif,/Users/leeyelim/Documents/EEG/data/preprocessed/after_rereferencing/sub-003/ses-02/sub-003_ses-02_run-8_preprocessed_after_rereferencing.fif,31,208.319,1000.0
sub-003,ses-02,run-9,/Users/leeyelim/Documents/EEG/data/preprocessed/after_filtering/sub-003/ses-02/sub-003_ses-02_run-9_preprocessed_after_filtering.fif,/Users/leeyelim/Documents/EEG/data/preprocessed/after_rereferencing/sub-003/ses-02/sub-003_ses-02_run-9_preprocessed_after_rereferencing.fif,31,207.079,1000.0
sub-002,ses-01,run-10,/Users/leeyelim/Documents/EEG/data/preprocessed/after_filtering/sub-002/ses-01/sub-002_ses-01_run-10_preprocessed_after_filtering.fif,/Users/leeyelim/Documents/EEG/data/preprocessed/after_rereferencing/sub-002/ses-01/sub-002_ses-01_run-10_preprocessed_after_rereferencing.fif,31,205.079,1000.0
sub-002,ses-01,run-11,/Users/leeyelim/Documents/EEG/data/preprocessed/after_filtering/sub-002/ses-01/sub-002_ses-01_run-11_preprocessed_after_filtering.fif,/Users/leeyelim/Documents/EEG/data/preprocessed/after_rereferencing/sub-002/ses-01/sub-002_ses-01_run-11_preprocessed_after_rereferencing.fif,31,205.039,1000.0
sub-002,ses-01,run-12,/Users/leeyelim/Documents/EEG/data/preprocessed/after_filtering/sub-002/ses-01/sub-002_ses-01_run-12_preprocessed_after_filtering.fif,/Users/leeyelim/Documents/EEG/data/preprocessed/after_rereferencing/sub-002/ses-01/sub-002_ses-01_run-12_preprocessed_after_rereferencing.fif,31,202.919,1000.0
sub-002,ses-01,run-13,/Users/leeyelim/Documents/EEG/data/preprocessed/after_filtering/sub-002/ses-01/sub-002_ses-01_run-13_preprocessed_after_filtering.fif,/Users/leeyelim/Documents/EEG/data/preprocessed/after_rereferencing/sub-002/ses-01/sub-002_ses-01_run-13_preprocessed_after_rereferencing.fif,31,203.439,1000.0
sub-002,ses-01,run-1,/Users/leeyelim/Documents/EEG/data/preprocessed/after_filtering/sub-002/ses-01/sub-002_ses-01_run-1_preprocessed_after_filtering.fif,/Users/leeyelim/Documents/EEG/data/preprocessed/after_rereferencing/sub-002/ses-01/sub-002_ses-01_run-1_preprocessed_after_rereferencing.fif,31,206.439,1000.0
sub-002,ses-01,run-2,/Users/leeyelim/Documents/EEG/data/preprocessed/after_filtering/sub-002/ses-01/sub-002_ses-01_run-2_preprocessed_after_filtering.fif,/Users/leeyelim/Documents/EEG/data/preprocessed/after_rereferencing/sub-002/ses-01/sub-002_ses-01_run-2_preprocessed_after_rereferencing.fif,31,203.559,1000.0
sub-002,ses-01,run-3,/Users/leeyelim/Documents/EEG/data/preprocessed/after_filtering/sub-002/ses-01/sub-002_ses-01_run-3_preprocessed_after_filtering.fif,/Users/leeyelim/Documents/EEG/data/preprocessed/after_rereferencing/sub-002/ses-01/sub-002_ses-01_run-3_preprocessed_after_rereferencing.fif,31,203.279,1000.0
sub-002,ses-01,run-4,/Users/leeyelim/Documents/EEG/data/preprocessed/after_filtering/sub-002/ses-01/sub-002_ses-01_run-4_preprocessed_after_filtering.fif,/Users/leeyelim/Documents/EEG/data/preprocessed/after_rereferencing/sub-002/ses-01/sub-002_ses-01_run-4_preprocessed_after_rereferencing.fif,31,204.159,1000.0
sub-002,ses-01,run-5,/Users/leeyelim/Documents/EEG/data/preprocessed/after_filtering/sub-002/ses-01/sub-002_ses-01_run-5_preprocessed_after_filtering.fif,/Users/leeyelim/Documents/EEG/data/preprocessed/after_rereferencing/sub-002/ses-01/sub-002_ses-01_run-5_preprocessed_after_rereferencing.fif,31,206.079,1000.0
sub-002,ses-01,run-6,/Users/leeyelim/Documents/EEG/data/preprocessed/after_filtering/sub-002/ses-01/sub-002_ses-01_run-6_preprocessed_after_filtering.fif,/Users/leeyelim/Documents/EEG/data/preprocessed/after_rereferencing/sub-002/ses-01/sub-002_ses-01_run-6_preprocessed_after_rereferencing.fif,31,206.159,1000.0
sub-002,ses-01,run-7,/Users/leeyelim/Documents/EEG/data/preprocessed/after_filtering/sub-002/ses-01/sub-002_ses-01_run-7_preprocessed_after_filtering.fif,/Users/leeyelim/Documents/EEG/data/preprocessed/after_rereferencing/sub-002/ses-01/sub-002_ses-01_run-7_preprocessed_after_rereferencing.fif,31,204.719,1000.0
sub-002,ses-01,run-8,/Users/leeyelim/Documents/EEG/data/preprocessed/after_filtering/sub-002/ses-01/sub-002_ses-01_run-8_preprocessed_after_filtering.fif,/Users/leeyelim/Documents/EEG/data/preprocessed/after_rereferencing/sub-002/ses-01/sub-002_ses-01_run-8_preprocessed_after_rereferencing.fif,31,202.439,1000.0
sub-002,ses-01,run-9,/Users/leeyelim/Documents/EEG/data/preprocessed/after_filtering/sub-002/ses-01/sub-002_ses-01_run-9_preprocessed_after_filtering.fif,/Users/leeyelim/Documents/EEG/data/preprocessed/after_rereferencing/sub-002/ses-01/sub-002_ses-01_run-9_preprocessed_after_rereferencing.fif,31,204.719,1000.0
sub-002,ses-02,run-10,/Users/leeyelim/Documents/EEG/data/preprocessed/after_filtering/sub-002/ses-02/sub-002_ses-02_run-10_preprocessed_after_filtering.fif,/Users/leeyelim/Documents/EEG/data/preprocessed/after_rereferencing/sub-002/ses-02/sub-002_ses-02_run-10_preprocessed_after_rereferencing.fif,31,205.079,1000.0
sub-002,ses-02,run-11,/Users/leeyelim/Documents/EEG/data/preprocessed/after_filtering/sub-002/ses-02/sub-002_ses-02_run-11_preprocessed_after_filtering.fif,/Users/leeyelim/Documents/EEG/data/preprocessed/after_rereferencing/sub-002/ses-02/sub-002_ses-02_run-11_preprocessed_after_rereferencing.fif,31,205.039,1000.0
sub-002,ses-02,run-12,/Users/leeyelim/Documents/EEG/data/preprocessed/after_filtering/sub-002/ses-02/sub-002_ses-02_run-12_preprocessed_after_filtering.fif,/Users/leeyelim/Documents/EEG/data/preprocessed/after_rereferencing/sub-002/ses-02/sub-002_ses-02_run-12_preprocessed_after_rereferencing.fif,31,202.919,1000.0
sub-002,ses-02,run-1,/Users/leeyelim/Documents/EEG/data/preprocessed/after_filtering/sub-002/ses-02/sub-002_ses-02_run-1_preprocessed_after_filtering.fif,/Users/leeyelim/Documents/EEG/data/preprocessed/after_rereferencing/sub-002/ses-02/sub-002_ses-02_run-1_preprocessed_after_rereferencing.fif,31,206.439,1000.0
sub-002,ses-02,run-2,/Users/leeyelim/Documents/EEG/data/preprocessed/after_filtering/sub-002/ses-02/sub-002_ses-02_run-2_preprocessed_after_filtering.fif,/Users/leeyelim/Documents/EEG/data/preprocessed/after_rereferencing/sub-002/ses-02/sub-002_ses-02_run-2_preprocessed_after_rereferencing.fif,31,203.559,1000.0
sub-002,ses-02,run-3,/Users/leeyelim/Documents/EEG/data/preprocessed/after_filtering/sub-002/ses-02/sub-002_ses-02_run-3_preprocessed_after_filtering.fif,/Users/leeyelim/Documents/EEG/data/preprocessed/after_rereferencing/sub-002/ses-02/sub-002_ses-02_run-3_preprocessed_after_rereferencing.fif,31,203.279,1000.0
sub-002,ses-02,run-4,/Users/leeyelim/Documents/EEG/data/preprocessed/after_filtering/sub-002/ses-02/sub-002_ses-02_run-4_preprocessed_after_filtering.fif,/Users/leeyelim/Documents/EEG/data/preprocessed/after_rereferencing/sub-002/ses-02/sub-002_ses-02_run-4_preprocessed_after_rereferencing.fif,31,204.159,1000.0
sub-002,ses-02,run-5,/Users/leeyelim/Documents/EEG/data/preprocessed/after_filtering/sub-002/ses-02/sub-002_ses-02_run-5_preprocessed_after_filtering.fif,/Users/leeyelim/Documents/EEG/data/preprocessed/after_rereferencing/sub-002/ses-02/sub-002_ses-02_run-5_preprocessed_after_rereferencing.fif,31,206.079,1000.0
sub-002,ses-02,run-6,/Users/leeyelim/Documents/EEG/data/preprocessed/after_filtering/sub-002/ses-02/sub-002_ses-02_run-6_preprocessed_after_filtering.fif,/Users/leeyelim/Documents/EEG/data/preprocessed/after_rereferencing/sub-002/ses-02/sub-002_ses-02_run-6_preprocessed_after_rereferencing.fif,31,206.159,1000.0
sub-002,ses-02,run-7,/Users/leeyelim/Documents/EEG/data/preprocessed/after_filtering/sub-002/ses-02/sub-002_ses-02_run-7_preprocessed_after_filtering.fif,/Users/leeyelim/Documents/EEG/data/preprocessed/after_rereferencing/sub-002/ses-02/sub-002_ses-02_run-7_preprocessed_after_rereferencing.fif,31,204.719,1000.0
sub-002,ses-02,run-8,/Users/leeyelim/Documents/EEG/data/preprocessed/after_filtering/sub-002/ses-02/sub-002_ses-02_run-8_preprocessed_after_filtering.fif,/Users/leeyelim/Documents/EEG/data/preprocessed/after_rereferencing/sub-002/ses-02/sub-002_ses-02_run-8_preprocessed_after_rereferencing.fif,31,202.439,1000.0
sub-002,ses-02,run-9,/Users/leeyelim/Documents/EEG/data/preprocessed/after_filtering/sub-002/ses-02/sub-002_ses-02_run-9_preprocessed_after_filtering.fif,/Users/leeyelim/Documents/EEG/data/preprocessed/after_rereferencing/sub-002/ses-02/sub-002_ses-02_run-9_preprocessed_after_rereferencing.fif,31,204.719,1000.0
sub-011,ses-01,run-10,/Users/leeyelim/Documents/EEG/data/preprocessed/after_filtering/sub-011/ses-01/sub-011_ses-01_run-10_preprocessed_after_filtering.fif,/Users/leeyelim/Documents/EEG/data/preprocessed/after_rereferencing/sub-011/ses-01/sub-011_ses-01_run-10_preprocessed_after_rereferencing.fif,31,233.679,1000.0
sub-011,ses-01,run-11,/Users/leeyelim/Documents/EEG/data/preprocessed/after_filtering/sub-011/ses-01/sub-011_ses-01_run-11_preprocessed_after_filtering.fif,/Users/leeyelim/Documents/EEG/data/preprocessed/after_rereferencing/sub-011/ses-01/sub-011_ses-01_run-11_preprocessed_after_rereferencing.fif,31,224.479,1000.0
sub-011,ses-01,run-12,/Users/leeyelim/Documents/EEG/data/preprocessed/after_filtering/sub-011/ses-01/sub-011_ses-01_run-12_preprocessed_after_filtering.fif,/Users/leeyelim/Documents/EEG/data/preprocessed/after_rereferencing/sub-011/ses-01/sub-011_ses-01_run-12_preprocessed_after_rereferencing.fif,31,283.919,1000.0
sub-011,ses-01,run-13,/Users/leeyelim/Documents/EEG/data/preprocessed/after_filtering/sub-011/ses-01/sub-011_ses-01_run-13_preprocessed_after_filtering.fif,/Users/leeyelim/Documents/EEG/data/preprocessed/after_rereferencing/sub-011/ses-01/sub-011_ses-01_run-13_preprocessed_after_rereferencing.fif,31,275.279,1000.0
sub-011,ses-01,run-1,/Users/leeyelim/Documents/EEG/data/preprocessed/after_filtering/sub-011/ses-01/sub-011_ses-01_run-1_preprocessed_after_filtering.fif,/Users/leeyelim/Documents/EEG/data/preprocessed/after_rereferencing/sub-011/ses-01/sub-011_ses-01_run-1_preprocessed_after_rereferencing.fif,31,237.399,1000.0
sub-011,ses-01,run-2,/Users/leeyelim/Documents/EEG/data/preprocessed/after_filtering/sub-011/ses-01/sub-011_ses-01_run-2_preprocessed_after_filtering.fif,/Users/leeyelim/Documents/EEG/data/preprocessed/after_rereferencing/sub-011/ses-01/sub-011_ses-01_run-2_preprocessed_after_rereferencing.fif,31,332.639,1000.0
sub-011,ses-01,run-3,/Users/leeyelim/Documents/EEG/data/preprocessed/after_filtering/sub-011/ses-01/sub-011_ses-01_run-3_preprocessed_after_filtering.fif,/Users/leeyelim/Documents/EEG/data/preprocessed/after_rereferencing/sub-011/ses-01/sub-011_ses-01_run-3_preprocessed_after_rereferencing.fif,31,261.599,1000.0
sub-011,ses-01,run-4,/Users/leeyelim/Documents/EEG/data/preprocessed/after_filtering/sub-011/ses-01/sub-011_ses-01_run-4_preprocessed_after_filtering.fif,/Users/leeyelim/Documents/EEG/data/preprocessed/after_rereferencing/sub-011/ses-01/sub-011_ses-01_run-4_preprocessed_after_rereferencing.fif,31,252.879,1000.0
sub-011,ses-01,run-5,/Users/leeyelim/Documents/EEG/data/preprocessed/after_filtering/sub-011/ses-01/sub-011_ses-01_run-5_preprocessed_after_filtering.fif,/Users/leeyelim/Documents/EEG/data/preprocessed/after_rereferencing/sub-011/ses-01/sub-011_ses-01_run-5_preprocessed_after_rereferencing.fif,31,240.279,1000.0
sub-011,ses-01,run-6,/Users/leeyelim/Documents/EEG/data/preprocessed/after_filtering/sub-011/ses-01/sub-011_ses-01_run-6_preprocessed_after_filtering.fif,/Users/leeyelim/Documents/EEG/data/preprocessed/after_rereferencing/sub-011/ses-01/sub-011_ses-01_run-6_preprocessed_after_rereferencing.fif,31,236.519,1000.0
sub-011,ses-01,run-7,/Users/leeyelim/Documents/EEG/data/preprocessed/after_filtering/sub-011/ses-01/sub-011_ses-01_run-7_preprocessed_after_filtering.fif,/Users/leeyelim/Documents/EEG/data/preprocessed/after_rereferencing/sub-011/ses-01/sub-011_ses-01_run-7_preprocessed_after_rereferencing.fif,31,246.199,1000.0
sub-011,ses-01,run-8,/Users/leeyelim/Documents/EEG/data/preprocessed/after_filtering/sub-011/ses-01/sub-011_ses-01_run-8_preprocessed_after_filtering.fif,/Users/leeyelim/Documents/EEG/data/preprocessed/after_rereferencing/sub-011/ses-01/sub-011_ses-01_run-8_preprocessed_after_rereferencing.fif,31,216.239,1000.0
sub-011,ses-01,run-9,/Users/leeyelim/Documents/EEG/data/preprocessed/after_filtering/sub-011/ses-01/sub-011_ses-01_run-9_preprocessed_after_filtering.fif,/Users/leeyelim/Documents/EEG/data/preprocessed/after_rereferencing/sub-011/ses-01/sub-011_ses-01_run-9_preprocessed_after_rereferencing.fif,31,236.279,1000.0
sub-011,ses-02,run-10,/Users/leeyelim/Documents/EEG/data/preprocessed/after_filtering/sub-011/ses-02/sub-011_ses-02_run-10_preprocessed_after_filtering.fif,/Users/leeyelim/Documents/EEG/data/preprocessed/after_rereferencing/sub-011/ses-02/sub-011_ses-02_run-10_preprocessed_after_rereferencing.fif,31,233.679,1000.0
sub-011,ses-02,run-11,/Users/leeyelim/Documents/EEG/data/preprocessed/after_filtering/sub-011/ses-02/sub-011_ses-02_run-11_preprocessed_after_filtering.fif,/Users/leeyelim/Documents/EEG/data/preprocessed/after_rereferencing/sub-011/ses-02/sub-011_ses-02_run-11_preprocessed_after_rereferencing.fif,31,224.479,1000.0
sub-011,ses-02,run-12,/Users/leeyelim/Documents/EEG/data/preprocessed/after_filtering/sub-011/ses-02/sub-011_ses-02_run-12_preprocessed_after_filtering.fif,/Users/leeyelim/Documents/EEG/data/preprocessed/after_rereferencing/sub-011/ses-02/sub-011_ses-02_run-12_preprocessed_after_rereferencing.fif,31,283.919,1000.0
sub-011,ses-02,run-1,/Users/leeyelim/Documents/EEG/data/preprocessed/after_filtering/sub-011/ses-02/sub-011_ses-02_run-1_preprocessed_after_filtering.fif,/Users/leeyelim/Documents/EEG/data/preprocessed/after_rereferencing/sub-011/ses-02/sub-011_ses-02_run-1_preprocessed_after_rereferencing.fif,31,237.399,1000.0
sub-011,ses-02,run-2,/Users/leeyelim/Documents/EEG/data/preprocessed/after_filtering/sub-011/ses-02/sub-011_ses-02_run-2_preprocessed_after_filtering.fif,/Users/leeyelim/Documents/EEG/data/preprocessed/after_rereferencing/sub-011/ses-02/sub-011_ses-02_run-2_preprocessed_after_rereferencing.fif,31,332.639,1000.0
sub-011,ses-02,run-3,/Users/leeyelim/Documents/EEG/data/preprocessed/after_filtering/sub-011/ses-02/sub-011_ses-02_run-3_preprocessed_after_filtering.fif,/Users/leeyelim/Documents/EEG/data/preprocessed/after_rereferencing/sub-011/ses-02/sub-011_ses-02_run-3_preprocessed_after_rereferencing.fif,31,261.599,1000.0
sub-011,ses-02,run-4,/Users/leeyelim/Documents/EEG/data/preprocessed/after_filtering/sub-011/ses-02/sub-011_ses-02_run-4_preprocessed_after_filtering.fif,/Users/leeyelim/Documents/EEG/data/preprocessed/after_rereferencing/sub-011/ses-02/sub-011_ses-02_run-4_preprocessed_after_rereferencing.fif,31,252.879,1000.0
sub-011,ses-02,run-5,/Users/leeyelim/Documents/EEG/data/preprocessed/after_filtering/sub-011/ses-02/sub-011_ses-02_run-5_preprocessed_after_filtering.fif,/Users/leeyelim/Documents/EEG/data/preprocessed/after_rereferencing/sub-011/ses-02/sub-011_ses-02_run-5_preprocessed_after_rereferencing.fif,31,240.279,1000.0
sub-011,ses-02,run-6,/Users/leeyelim/Documents/EEG/data/preprocessed/after_filtering/sub-011/ses-02/sub-011_ses-02_run-6_preprocessed_after_filtering.fif,/Users/leeyelim/Documents/EEG/data/preprocessed/after_rereferencing/sub-011/ses-02/sub-011_ses-02_run-6_preprocessed_after_rereferencing.fif,31,236.519,1000.0
sub-011,ses-02,run-7,/Users/leeyelim/Documents/EEG/data/preprocessed/after_filtering/sub-011/ses-02/sub-011_ses-02_run-7_preprocessed_after_filtering.fif,/Users/leeyelim/Documents/EEG/data/preprocessed/after_rereferencing/sub-011/ses-02/sub-011_ses-02_run-7_preprocessed_after_rereferencing.fif,31,246.199,1000.0
sub-011,ses-02,run-8,/Users/leeyelim/Documents/EEG/data/preprocessed/after_filtering/sub-011/ses-02/sub-011_ses-02_run-8_preprocessed_after_filtering.fif,/Users/leeyelim/Documents/EEG/data/preprocessed/after_rereferencing/sub-011/ses-02/sub-011_ses-02_run-8_preprocessed_after_rereferencing.fif,31,216.239,1000.0
sub-011,ses-02,run-9,/Users/leeyelim/Documents/EEG/data/preprocessed/after_filtering/sub-011/ses-02/sub-011_ses-02_run-9_preprocessed_after_filtering.fif,/Users/leeyelim/Documents/EEG/data/preprocessed/after_rereferencing/sub-011/ses-02/sub-011_ses-02_run-9_preprocessed_after_rereferencing.fif,31,236.279,1000.0
sub-004,ses-01,run-10,/Users/leeyelim/Documents/EEG/data/preprocessed/after_filtering/sub-004/ses-01/sub-004_ses-01_run-10_preprocessed_after_filtering.fif,/Users/leeyelim/Documents/EEG/data/preprocessed/after_rereferencing/sub-004/ses-01/sub-004_ses-01_run-10_preprocessed_after_rereferencing.fif,31,204.959,1000.0
sub-004,ses-01,run-11,/Users/leeyelim/Documents/EEG/data/preprocessed/after_filtering/sub-004/ses-01/sub-004_ses-01_run-11_preprocessed_after_filtering.fif,/Users/leeyelim/Documents/EEG/data/preprocessed/after_rereferencing/sub-004/ses-01/sub-004_ses-01_run-11_preprocessed_after_rereferencing.fif,31,205.599,1000.0
sub-004,ses-01,run-12,/Users/leeyelim/Documents/EEG/data/preprocessed/after_filtering/sub-004/ses-01/sub-004_ses-01_run-12_preprocessed_after_filtering.fif,/Users/leeyelim/Documents/EEG/data/preprocessed/after_rereferencing/sub-004/ses-01/sub-004_ses-01_run-12_preprocessed_after_rereferencing.fif,31,202.079,1000.0
sub-004,ses-01,run-13,/Users/leeyelim/Documents/EEG/data/preprocessed/after_filtering/sub-004/ses-01/sub-004_ses-01_run-13_preprocessed_after_filtering.fif,/Users/leeyelim/Documents/EEG/data/preprocessed/after_rereferencing/sub-004/ses-01/sub-004_ses-01_run-13_preprocessed_after_rereferencing.fif,31,203.879,1000.0
sub-004,ses-01,run-1,/Users/leeyelim/Documents/EEG/data/preprocessed/after_filtering/sub-004/ses-01/sub-004_ses-01_run-1_preprocessed_after_filtering.fif,/Users/leeyelim/Documents/EEG/data/preprocessed/after_rereferencing/sub-004/ses-01/sub-004_ses-01_run-1_preprocessed_after_rereferencing.fif,31,206.639,1000.0
sub-004,ses-01,run-2,/Users/leeyelim/Documents/EEG/data/preprocessed/after_filtering/sub-004/ses-01/sub-004_ses-01_run-2_preprocessed_after_filtering.fif,/Users/leeyelim/Documents/EEG/data/preprocessed/after_rereferencing/sub-004/ses-01/sub-004_ses-01_run-2_preprocessed_after_rereferencing.fif,31,203.519,1000.0
sub-004,ses-01,run-3,/Users/leeyelim/Documents/EEG/data/preprocessed/after_filtering/sub-004/ses-01/sub-004_ses-01_run-3_preprocessed_after_filtering.fif,/Users/leeyelim/Documents/EEG/data/preprocessed/after_rereferencing/sub-004/ses-01/sub-004_ses-01_run-3_preprocessed_after_rereferencing.fif,31,204.279,1000.0
sub-004,ses-01,run-4,/Users/leeyelim/Documents/EEG/data/preprocessed/after_filtering/sub-004/ses-01/sub-004_ses-01_run-4_preprocessed_after_filtering.fif,/Users/leeyelim/Documents/EEG/data/preprocessed/after_rereferencing/sub-004/ses-01/sub-004_ses-01_run-4_preprocessed_after_rereferencing.fif,31,204.999,1000.0
sub-004,ses-01,run-5,/Users/leeyelim/Documents/EEG/data/preprocessed/after_filtering/sub-004/ses-01/sub-004_ses-01_run-5_preprocessed_after_filtering.fif,/Users/leeyelim/Documents/EEG/data/preprocessed/after_rereferencing/sub-004/ses-01/sub-004_ses-01_run-5_preprocessed_after_rereferencing.fif,31,203.039,1000.0
sub-004,ses-01,run-6,/Users/leeyelim/Documents/EEG/data/preprocessed/after_filtering/sub-004/ses-01/sub-004_ses-01_run-6_preprocessed_after_filtering.fif,/Users/leeyelim/Documents/EEG/data/preprocessed/after_rereferencing/sub-004/ses-01/sub-004_ses-01_run-6_preprocessed_after_rereferencing.fif,31,204.999,1000.0
sub-004,ses-01,run-7,/Users/leeyelim/Documents/EEG/data/preprocessed/after_filtering/sub-004/ses-01/sub-004_ses-01_run-7_preprocessed_after_filtering.fif,/Users/leeyelim/Documents/EEG/data/preprocessed/after_rereferencing/sub-004/ses-01/sub-004_ses-01_run-7_preprocessed_after_rereferencing.fif,31,207.479,1000.0
sub-004,ses-01,run-8,/Users/leeyelim/Documents/EEG/data/preprocessed/after_filtering/sub-004/ses-01/sub-004_ses-01_run-8_preprocessed_after_filtering.fif,/Users/leeyelim/Documents/EEG/data/preprocessed/after_rereferencing/sub-004/ses-01/sub-004_ses-01_run-8_preprocessed_after_rereferencing.fif,31,204.599,1000.0
sub-004,ses-01,run-9,/Users/leeyelim/Documents/EEG/data/preprocessed/after_filtering/sub-004/ses-01/sub-004_ses-01_run-9_preprocessed_after_filtering.fif,/Users/leeyelim/Documents/EEG/data/preprocessed/after_rereferencing/sub-004/ses-01/sub-004_ses-01_run-9_preprocessed_after_rereferencing.fif,31,205.039,1000.0
sub-004,ses-02,run-10,/Users/leeyelim/Documents/EEG/data/preprocessed/after_filtering/sub-004/ses-02/sub-004_ses-02_run-10_preprocessed_after_filtering.fif,/Users/leeyelim/Documents/EEG/data/preprocessed/after_rereferencing/sub-004/ses-02/sub-004_ses-02_run-10_preprocessed_after_rereferencing.fif,31,204.959,1000.0
sub-004,ses-02,run-11,/Users/leeyelim/Documents/EEG/data/preprocessed/after_filtering/sub-004/ses-02/sub-004_ses-02_run-11_preprocessed_after_filtering.fif,/Users/leeyelim/Documents/EEG/data/preprocessed/after_rereferencing/sub-004/ses-02/sub-004_ses-02_run-11_preprocessed_after_rereferencing.fif,31,205.599,1000.0
sub-004,ses-02,run-12,/Users/leeyelim/Documents/EEG/data/preprocessed/after_filtering/sub-004/ses-02/sub-004_ses-02_run-12_preprocessed_after_filtering.fif,/Users/leeyelim/Documents/EEG/data/preprocessed/after_rereferencing/sub-004/ses-02/sub-004_ses-02_run-12_preprocessed_after_rereferencing.fif,31,202.079,1000.0
sub-004,ses-02,run-1,/Users/leeyelim/Documents/EEG/data/preprocessed/after_filtering/sub-004/ses-02/sub-004_ses-02_run-1_preprocessed_after_filtering.fif,/Users/leeyelim/Documents/EEG/data/preprocessed/after_rereferencing/sub-004/ses-02/sub-004_ses-02_run-1_preprocessed_after_rereferencing.fif,31,206.639,1000.0
sub-004,ses-02,run-2,/Users/leeyelim/Documents/EEG/data/preprocessed/after_filtering/sub-004/ses-02/sub-004_ses-02_run-2_preprocessed_after_filtering.fif,/Users/leeyelim/Documents/EEG/data/preprocessed/after_rereferencing/sub-004/ses-02/sub-004_ses-02_run-2_preprocessed_after_rereferencing.fif,31,203.519,1000.0
sub-004,ses-02,run-3,/Users/leeyelim/Documents/EEG/data/preprocessed/after_filtering/sub-004/ses-02/sub-004_ses-02_run-3_preprocessed_after_filtering.fif,/Users/leeyelim/Documents/EEG/data/preprocessed/after_rereferencing/sub-004/ses-02/sub-004_ses-02_run-3_preprocessed_after_rereferencing.fif,31,204.279,1000.0
sub-004,ses-02,run-4,/Users/leeyelim/Documents/EEG/data/preprocessed/after_filtering/sub-004/ses-02/sub-004_ses-02_run-4_preprocessed_after_filtering.fif,/Users/leeyelim/Documents/EEG/data/preprocessed/after_rereferencing/sub-004/ses-02/sub-004_ses-02_run-4_preprocessed_after_rereferencing.fif,31,204.999,1000.0
sub-004,ses-02,run-5,/Users/leeyelim/Documents/EEG/data/preprocessed/after_filtering/sub-004/ses-02/sub-004_ses-02_run-5_preprocessed_after_filtering.fif,/Users/leeyelim/Documents/EEG/data/preprocessed/after_rereferencing/sub-004/ses-02/sub-004_ses-02_run-5_preprocessed_after_rereferencing.fif,31,203.039,1000.0
sub-004,ses-02,run-6,/Users/leeyelim/Documents/EEG/data/preprocessed/after_filtering/sub-004/ses-02/sub-004_ses-02_run-6_preprocessed_after_filtering.fif,/Users/leeyelim/Documents/EEG/data/preprocessed/after_rereferencing/sub-004/ses-02/sub-004_ses-02_run-6_preprocessed_after_rereferencing.fif,31,204.999,1000.0
sub-004,ses-02,run-7,/Users/leeyelim/Documents/EEG/data/preprocessed/after_filtering/sub-004/ses-02/sub-004_ses-02_run-7_preprocessed_after_filtering.fif,/Users/leeyelim/Documents/EEG/data/preprocessed/after_rereferencing/sub-004/ses-02/sub-004_ses-02_run-7_preprocessed_after_rereferencing.fif,31,207.479,1000.0
sub-004,ses-02,run-8,/Users/leeyelim/Documents/EEG/data/preprocessed/after_filtering/sub-004/ses-02/sub-004_ses-02_run-8_preprocessed_after_filtering.fif,/Users/leeyelim/Documents/EEG/data/preprocessed/after_rereferencing/sub-004/ses-02/sub-004_ses-02_run-8_preprocessed_after_rereferencing.fif,31,204.599,1000.0
sub-004,ses-02,run-9,/Users/leeyelim/Documents/EEG/data/preprocessed/after_filtering/sub-004/ses-02/sub-004_ses-02_run-9_preprocessed_after_filtering.fif,/Users/leeyelim/Documents/EEG/data/preprocessed/after_rereferencing/sub-004/ses-02/sub-004_ses-02_run-9_preprocessed_after_rereferencing.fif,31,205.039,1000.0
sub-014,ses-01,run-10,/Users/leeyelim/Documents/EEG/data/preprocessed/after_filtering/sub-014/ses-01/sub-014_ses-01_run-10_preprocessed_after_filtering.fif,/Users/leeyelim/Documents/EEG/data/preprocessed/after_rereferencing/sub-014/ses-01/sub-014_ses-01_run-10_preprocessed_after_rereferencing.fif,31,206.799,1000.0
sub-014,ses-01,run-11,/Users/leeyelim/Documents/EEG/data/preprocessed/after_filtering/sub-014/ses-01/sub-014_ses-01_run-11_preprocessed_after_filtering.fif,/Users/leeyelim/Documents/EEG/data/preprocessed/after_rereferencing/sub-014/ses-01/sub-014_ses-01_run-11_preprocessed_after_rereferencing.fif,31,205.239,1000.0
sub-014,ses-01,run-12,/Users/leeyelim/Documents/EEG/data/preprocessed/after_filtering/sub-014/ses-01/sub-014_ses-01_run-12_preprocessed_after_filtering.fif,/Users/leeyelim/Documents/EEG/data/preprocessed/after_rereferencing/sub-014/ses-01/sub-014_ses-01_run-12_preprocessed_after_rereferencing.fif,31,208.399,1000.0
sub-014,ses-01,run-13,/Users/leeyelim/Documents/EEG/data/preprocessed/after_filtering/sub-014/ses-01/sub-014_ses-01_run-13_preprocessed_after_filtering.fif,/Users/leeyelim/Documents/EEG/data/preprocessed/after_rereferencing/sub-014/ses-01/sub-014_ses-01_run-13_preprocessed_after_rereferencing.fif,31,205.799,1000.0
sub-014,ses-01,run-1,/Users/leeyelim/Documents/EEG/data/preprocessed/after_filtering/sub-014/ses-01/sub-014_ses-01_run-1_preprocessed_after_filtering.fif,/Users/leeyelim/Documents/EEG/data/preprocessed/after_rereferencing/sub-014/ses-01/sub-014_ses-01_run-1_preprocessed_after_rereferencing.fif,31,209.799,1000.0
sub-014,ses-01,run-2,/Users/leeyelim/Documents/EEG/data/preprocessed/after_filtering/sub-014/ses-01/sub-014_ses-01_run-2_preprocessed_after_filtering.fif,/Users/leeyelim/Documents/EEG/data/preprocessed/after_rereferencing/sub-014/ses-01/sub-014_ses-01_run-2_preprocessed_after_rereferencing.fif,31,209.519,1000.0
sub-014,ses-01,run-3,/Users/leeyelim/Documents/EEG/data/preprocessed/after_filtering/sub-014/ses-01/sub-014_ses-01_run-3_preprocessed_after_filtering.fif,/Users/leeyelim/Documents/EEG/data/preprocessed/after_rereferencing/sub-014/ses-01/sub-014_ses-01_run-3_preprocessed_after_rereferencing.fif,31,208.959,1000.0
sub-014,ses-01,run-4,/Users/leeyelim/Documents/EEG/data/preprocessed/after_filtering/sub-014/ses-01/sub-014_ses-01_run-4_preprocessed_after_filtering.fif,/Users/leeyelim/Documents/EEG/data/preprocessed/after_rereferencing/sub-014/ses-01/sub-014_ses-01_run-4_preprocessed_after_rereferencing.fif,31,207.919,1000.0
sub-014,ses-01,run-5,/Users/leeyelim/Documents/EEG/data/preprocessed/after_filtering/sub-014/ses-01/sub-014_ses-01_run-5_preprocessed_after_filtering.fif,/Users/leeyelim/Documents/EEG/data/preprocessed/after_rereferencing/sub-014/ses-01/sub-014_ses-01_run-5_preprocessed_after_rereferencing.fif,31,204.839,1000.0
sub-014,ses-01,run-6,/Users/leeyelim/Documents/EEG/data/preprocessed/after_filtering/sub-014/ses-01/sub-014_ses-01_run-6_preprocessed_after_filtering.fif,/Users/leeyelim/Documents/EEG/data/preprocessed/after_rereferencing/sub-014/ses-01/sub-014_ses-01_run-6_preprocessed_after_rereferencing.fif,31,205.599,1000.0
sub-014,ses-01,run-7,/Users/leeyelim/Documents/EEG/data/preprocessed/after_filtering/sub-014/ses-01/sub-014_ses-01_run-7_preprocessed_after_filtering.fif,/Users/leeyelim/Documents/EEG/data/preprocessed/after_rereferencing/sub-014/ses-01/sub-014_ses-01_run-7_preprocessed_after_rereferencing.fif,31,210.039,1000.0
sub-014,ses-01,run-8,/Users/leeyelim/Documents/EEG/data/preprocessed/after_filtering/sub-014/ses-01/sub-014_ses-01_run-8_preprocessed_after_filtering.fif,/Users/leeyelim/Documents/EEG/data/preprocessed/after_rereferencing/sub-014/ses-01/sub-014_ses-01_run-8_preprocessed_after_rereferencing.fif,31,207.079,1000.0
sub-014,ses-01,run-9,/Users/leeyelim/Documents/EEG/data/preprocessed/after_filtering/sub-014/ses-01/sub-014_ses-01_run-9_preprocessed_after_filtering.fif,/Users/leeyelim/Documents/EEG/data/preprocessed/after_rereferencing/sub-014/ses-01/sub-014_ses-01_run-9_preprocessed_after_rereferencing.fif,31,209.319,1000.0
sub-014,ses-02,run-10,/Users/leeyelim/Documents/EEG/data/preprocessed/after_filtering/sub-014/ses-02/sub-014_ses-02_run-10_preprocessed_after_filtering.fif,/Users/leeyelim/Documents/EEG/data/preprocessed/after_rereferencing/sub-014/ses-02/sub-014_ses-02_run-10_preprocessed_after_rereferencing.fif,31,206.799,1000.0
sub-014,ses-02,run-11,/Users/leeyelim/Documents/EEG/data/preprocessed/after_filtering/sub-014/ses-02/sub-014_ses-02_run-11_preprocessed_after_filtering.fif,/Users/leeyelim/Documents/EEG/data/preprocessed/after_rereferencing/sub-014/ses-02/sub-014_ses-02_run-11_preprocessed_after_rereferencing.fif,31,205.239,1000.0
sub-014,ses-02,run-12,/Users/leeyelim/Documents/EEG/data/preprocessed/after_filtering/sub-014/ses-02/sub-014_ses-02_run-12_preprocessed_after_filtering.fif,/Users/leeyelim/Documents/EEG/data/preprocessed/after_rereferencing/sub-014/ses-02/sub-014_ses-02_run-12_preprocessed_after_rereferencing.fif,31,208.399,1000.0
sub-014,ses-02,run-1,/Users/leeyelim/Documents/EEG/data/preprocessed/after_filtering/sub-014/ses-02/sub-014_ses-02_run-1_preprocessed_after_filtering.fif,/Users/leeyelim/Documents/EEG/data/preprocessed/after_rereferencing/sub-014/ses-02/sub-014_ses-02_run-1_preprocessed_after_rereferencing.fif,31,209.799,1000.0
sub-014,ses-02,run-2,/Users/leeyelim/Documents/EEG/data/preprocessed/after_filtering/sub-014/ses-02/sub-014_ses-02_run-2_preprocessed_after_filtering.fif,/Users/leeyelim/Documents/EEG/data/preprocessed/after_rereferencing/sub-014/ses-02/sub-014_ses-02_run-2_preprocessed_after_rereferencing.fif,31,209.519,1000.0
sub-014,ses-02,run-3,/Users/leeyelim/Documents/EEG/data/preprocessed/after_filtering/sub-014/ses-02/sub-014_ses-02_run-3_preprocessed_after_filtering.fif,/Users/leeyelim/Documents/EEG/data/preprocessed/after_rereferencing/sub-014/ses-02/sub-014_ses-02_run-3_preprocessed_after_rereferencing.fif,31,208.959,1000.0
sub-014,ses-02,run-4,/Users/leeyelim/Documents/EEG/data/preprocessed/after_filtering/sub-014/ses-02/sub-014_ses-02_run-4_preprocessed_after_filtering.fif,/Users/leeyelim/Documents/EEG/data/preprocessed/after_rereferencing/sub-014/ses-02/sub-014_ses-02_run-4_preprocessed_after_rereferencing.fif,31,207.919,1000.0
sub-014,ses-02,run-5,/Users/leeyelim/Documents/EEG/data/preprocessed/after_filtering/sub-014/ses-02/sub-014_ses-02_run-5_preprocessed_after_filtering.fif,/Users/leeyelim/Documents/EEG/data/preprocessed/after_rereferencing/sub-014/ses-02/sub-014_ses-02_run-5_preprocessed_after_rereferencing.fif,31,204.839,1000.0
sub-014,ses-02,run-6,/Users/leeyelim/Documents/EEG/data/preprocessed/after_filtering/sub-014/ses-02/sub-014_ses-02_run-6_preprocessed_after_filtering.fif,/Users/leeyelim/Documents/EEG/data/preprocessed/after_rereferencing/sub-014/ses-02/sub-014_ses-02_run-6_preprocessed_after_rereferencing.fif,31,205.599,1000.0
sub-014,ses-02,run-7,/Users/leeyelim/Documents/EEG/data/preprocessed/after_filtering/sub-014/ses-02/sub-014_ses-02_run-7_preprocessed_after_filtering.fif,/Users/leeyelim/Documents/EEG/data/preprocessed/after_rereferencing/sub-014/ses-02/sub-014_ses-02_run-7_preprocessed_after_rereferencing.fif,31,210.039,1000.0
sub-014,ses-02,run-8,/Users/leeyelim/Documents/EEG/data/preprocessed/after_filtering/sub-014/ses-02/sub-014_ses-02_run-8_preprocessed_after_filtering.fif,/Users/leeyelim/Documents/EEG/data/preprocessed/after_rereferencing/sub-014/ses-02/sub-014_ses-02_run-8_preprocessed_after_rereferencing.fif,31,207.079,1000.0
sub-014,ses-02,run-9,/Users/leeyelim/Documents/EEG/data/preprocessed/after_filtering/sub-014/ses-02/sub-014_ses-02_run-9_preprocessed_after_filtering.fif,/Users/leeyelim/Documents/EEG/data/preprocessed/after_rereferencing/sub-014/ses-02/sub-014_ses-02_run-9_preprocessed_after_rereferencing.fif,31,209.319,1000.0
